"* Required Fields","* Erforderliche Felder"
"-- No Status Change --","-- Keine Statusänderung --"
"1.-{n-1}. monthly rate each","1.-{n-1}. monatliche Rate je"
"3D Secure","3D Secure"
"3D Secure Authentication","3D Secure Authentifikation"
"3D Secure failed","3D Secure ist fehlgeschlagen."
"3D Secure sucess","3D Secure erfolgreich"
"@label (Live)","@label (Live)"
"@label (Test)","@label (Test)"
"A authorized transaction cannot be authorized again.","Eine autorisierte Transaktion kann nicht noch einmal autorisiert werden."
"A authorized transaction cannot be marked as failed.","Eine autorisierte Transaktion kann nicht als fehlgeschlagen markiert werden."
"A cancelled transaction cannot be authorized.","Eine stornierte Transaktion kann nicht autorisiert werden."
"A cancelled transaction cannot be cancelled again.","Eine stornierte Transaktion kann nicht noch einmal storniert werden."
"A cancelled transaction cannot be captured.","Eine stornierte Transaktion kann nicht verbucht werden."
"A cancelled transaction cannot be marked as failed.","Eine stornierte Transaktion kann nicht als fehlgeschlagen markiert werden."
"A cancelled transaction cannot be refunded.","Eine stornierte Transaktion kann nicht gutgeschrieben werden."
"A captured transaction cannot be authorized.","Eine gebuchte Transaktion kann nicht autorisiert werden."
"A captured transaction cannot be cancelled.","Eine gebuchte Transaktion kann nicht storniert werden."
"A captured transaction cannot be marked as failed.","Eine verbuchte Transaktion kann nicht als fehlgeschlagen markiert werden."
"A failed authorization cannot be authorized.","Eine fehlgeschlagene Transaktion kann nicht autorisiert werden."
"A payment method may not available for customers from different counties. You can decide when this availability check should happen. We recommend to set it during authorization","Manche Zahlungsmethoden sind für gewisse Länder nicht erlaubt. Hier können Sie definieren zu welchem Zeitpunkt der Verfügbarkeits-Check durchgeführt werden soll. Wir empfehlen 'Während der Autorisierung'."
"A refund was added over !amount.","Eine Gutschrift über '!amount' wurde hinzugefügt."
"A technical error occured.","Es kam zu einem technischen Fehler."
"A transaction may be uncertain, when the payment is not guaranteed. For example in case the credit card does not participate in the 3D procedure.","Eine Transaktion kann unsicher sein wenn die Bezahlung nicht garantiert ist. Zum Beispiel wenn die Kreditkarte nicht Teil des 3D Secure Prozesses ist."
"API Private Key (Live)","API Private Key (Live)"
"API Private Key (Test)","API Private Key (Test)"
"About","Über"
"Account Holder","Kontoinhaber"
"Account Holder Name","Kontoinhaber"
"Account owner name.","Kontoinhaber"
"Action","Aktion"
"Actions","Aktionen"
"Activate","Aktiv"
"Active","Aktiv"
"Additional Information","Zusätzliche Informationen"
"Address equality","Abweichende Lieferanschrift"
"Adjust Qty","Anzahl anpassen"
"Adjustment Discount","Korrektur-Ermässigung"
"Adjustment Fee","Bearbeitungsgebühr"
"After payment selection","Nach der Wahl der Zahlungsmethode"
"Ajax authorization not supported.","Ajax-Autorisierung wird nicht unterstützt."
"Alias","Alias"
"Alias For Display","Beispiel-Alias"
"All Customers","Alle Kunden"
"Allowed Currencies","Erlaubte Währungen"
"Allowed currencies for this payment method","Erlaubte Währungen für diese Zahlungsmethode"
"Already registered?","Bereits registriert?"
"Always Checkout as Guest","Immer als Gast auschecken"
"American Express","American Express"
"Amount","Betrag"
"Amount Incl. Tax","Betrag inkl. Steuern"
"Annual percentage rate","Jahrlicher Prozentsatz"
"Are you sure you want to cancel this order?","Sind Sie sicher, dass Sie diese Bestellung stornieren möchten?"
"Author","Autor"
"Authorization","Autorisierung"
"Authorization Amount","Autorisierungsbetrag"
"Authorization Failed","Autorisierung fehlgeschlagen"
"Authorization Method","Autorisierungsmethode"
"Authorization is uncertain.","Autorisierung ist unsicher"
"Authorized Status","Autorisationsstatus"
"Automatic confirmation delivery","Automatische Versandmeldung"
"Await Notification","Benachrichtigung abwarten"
"Awaiting confirmation","Warten auf die Bestätigung"
"BIC","BIC"
"BIC (Optional)","BIC (Optional)"
"Bad signature format.","Das Format der Signatur ist fehlerhaft"
"Bank Location","Bank Standort"
"Bank Name","Name der Bank"
"Bank account number","Bankkonto"
"Bank code number","Bankcodenummer"
"Before payment selection","Vor der Wahl der Zahlungsmethode"
"Billing Address","Rechnungsadresse"
"Billing Information","Rechnungsinformationen"
"Billing address","Billing address"
"Brand Name","Markenname"
"By setting the capturing the reservation can be captured directly after the order or later manually over the backend of the store.","Mit den Einstellungen zur Verbuchung kann eine Reservierung entweder direkt nach der Bestellung oder nachträglich im Backend des Shops verbucht werden."
"CVC Code","CVC Code"
"Calculate rate","Rate berechnen"
"Calculate rates","Raten berechnen"
"Cancel","Abbrechen"
"Cancel ID","Stornierungs ID"
"Cancel pending orders when out of stock","Ausstehende Bestellungen stornieren, wenn der Artikel nicht mehr an Lager ist."
"Cancel status","Stornierungsstatus"
"Canceled PayEngine3Cw","Abbrechen PayEngine3Cw"
"Canceling of this payment not possible!","Stornieren dieser Zahlung ist nicht möglich!"
"Cancelled Status","Status für abgebrochene Bestellungen"
"Cannot update item quantity.","Die Artikelanzahl kann nicht aktualisiert werden."
"Capture Amount","Buchungsbetrag"
"Capture ID","Buchungs ID"
"Capture amount","Verbuchungsbetrag"
"Capture information","Buchungs Informationen"
"Capture status","Verbuchungsstatus"
"Capture: Don't Close","Verbuchung: Nicht schliessen"
"Captured Amount","Verbuchter Betrag"
"Captured Status","Verbuchungsstatus"
"Captures","Verbuchungen"
"Captures & Refunds","Verbuchungen & Gutschriften"
"Capturing","Verbuchung"
"Card Expiration","Kartenablaufdatum"
"Card Holder Name","Karteninhaber"
"Card Number","Kartennummer"
"Carrier Title","Carrier Title"
"Check out faster","Schnelleres Bestellen"
"Check to activate the external checkout.","Markieren Sie dieses Feld um den externen Checkout zu aktivieren."
"Checkout","Checkout"
"Checkout as Guest","Als Gast zur Kasse gehen"
"Checkout as a Guest or Register","Als Gast zur Kasse gehen oder ein Kundenkonto erstellen"
"Checkout as a new customer","Als Neukunde bestellen"
"Checkout using your account","Über Ihr Benutzerkonto bestellen"
"Choose settlement after order in case you want an invoice to be created with your oder. The state of the invoice will set according to your capture status.","Wählen Sie 'Erstellung nach Bestellung' falls Sie möchten, dass eine Rechung zu Ihrer Bestellung generiert wird. Der status der Rechnung wird anhand Ihres Buchungs Status gesetzt."
"Company Commercial Number","Handelsregisternummer der Firma"
"Company Name","Firmenname"
"Concrete amount of money resulting from the interest.","Concrete amount of money resulting from the interest."
"Confirm Password","Passwort bestätigen"
"Container Element","Beinhaltendes Element"
"Continue","Fortfahren"
"Could not convert object of type '!type' to string.","Konvertierung eines Objektes vom Typ '!type' ist fehlgeschlagen."
"Could not find a brand for the given card number.","Es konnte keinen Brand für die gegebene Karte gefunden werden."
"Could not find pressed button.","Der Button konnte nicht gefunden werden"
"Could not find template file at default location '!location'.","Konnte kein Template auf dem Standard Pfad unter '!location' finden."
"Could not find the payment method !paymentMethodName.","Zahlungsmethode '!paymentMethodName' konnte nicht gefunden werden."
"Could not load layout from URL !url. Reason: !reason","Das Layout konnte nicht von !url geladen werden. Grund: !reason"
"Create Account","Benutzerkonto erstellen"
"Create New Order - Payment","Neue Bestellung erstellen - Zahlung"
"Create a recurring payment, with an existing alias is not supported","Mit einem existierenden Alias ist die Erstellung einer wiederkehrenden Zahlung nicht möglich."
"Creating an account has many benefits:","Die Erstellung eines Benutzerkontos bringt viele Vorteile mit sich:"
"Creation Date","Erstellungsdatum"
"Credit Card Brands","Kreditkartenbrand"
"Credit Memo History","Gutschrifthistorie"
"Credit Memo Totals","Gutschrift Total"
"Credit memo's total must be positive.","Der Gesamtbetrag der Gutschrift muss positiv sein."
"Creditor ID","Gläubiger-ID"
"Currency","Währung"
"Current Configuration Scope:","Scope der Konfiguration:"
"Customer Account","Kundenkonto"
"Customer Alias Management","Kunden Alias Management"
"Customer did not enter a date of birth.","Der Kunde hat kein Geburtsdatum angegeben."
"Customer successfully returned from PayEngine3Cw","Kunde ist erfolgreich von PayEngine3Cw zurückgekehrt"
"Customer successfully returned from Concardis PayEngine 3.0","Der Kunde ist erfolgreich von der PayEngine3Cw Payment Page zurückgekehrt."
"Customer sucessfully returned from the PayEngine3Cw payment page.","Der Kunde ist erfolgreich von der PayEngine3Cw Payment Page zurückgekehrt."
"Customers","Kunden"
"Customweb","Customweb"
"Date","Datum"
"Date of Birth","Geburtsdatum"
"Day","Tag"
"Deactivate","Deaktivieren"
"Dear customer we have received your billing and shipping information. In order to finish your order please create an account below or checkout as guest.","Sehr geehrter Kunde wir haben Ihre Rechnungs- und Lieferinformationen erhalten. Um Ihre Bestellung abschliessen zu können, bitten wir Sie ein Account zu erstellen oder sich als Gast anzumelden."
"Dear customer, it appears to us that your payment was successful, but we are still waiting for confirmation. You can wait on this page and we will redirect you after we received the confirmation. Or you can close this window and we will send out an order confirmation email.","Sehr geehrter Kunde, es scheint, dass Ihre Zahlung erfolgreich war, aber wir warten immer noch auf eine Bestätigung. Sie können auf dieser Seite warten, und wir leiten Sie weiter nachdem wir die Bestätigung erhalten haben. Oder Sie können dieses Fenster schliessen und wir senden Ihnen eine Auftragsbestätigung später per Email."
"Debit","Lastschrift"
"Debit interest rate p.a. (bound)","Sollzinssatz p.a. (gebunden)"
"Default Config","Standard Konfiguration"
"Deferred","Verzögert"
"Deferred (authorization)","Verzögert (Autorisierung)"
"Deferred capturing","Verzögerte Buchung"
"Deferred settlement","Verzögerte Erstellung"
"Define a maximal order total for this checkout to be available.","Definieren Sie einen Maximalbestellwert für den Checkout."
"Define a minimal order total for this checkout to be available.","Definieren Sie einen Mindestbestellwert, der erreicht werden muss um den Checkout verfügbar zu machen."
"Delayed","Verzögert"
"Delete","Löschen"
"Delivery address","Delivery address"
"Description","Beschreibung"
"Device tracking","Geräteverfolgung"
"Device tracking minimum amount","Geräteverfolgung Mindestbetrag"
"Diners Club","Diners Club"
"Direct Debits","Lastschrift"
"Direct E-Banking","Sofortüberweisung"
"Direct capture after order","Direkte Buchung nach der Bestellung"
"Directly after order","Direkte Buchung nach der Bestellung"
"Directly after order (sale)","Direkte Buchung nach der Bestellung"
"Disabled","Deaktiviert"
"Discount","Rabatt"
"Discount Amount","Rabattbetrag"
"Don't change order status","Bestellstatus nicht verändern."
"Duration","Dauer"
"During authorization","Während der Autorisation"
"Edit","Bearbeiten"
"Edit Invoice %s","Rechnung bearbeiten %s"
"Effective annual rate","Effektiver Jahreszins"
"Email Address","E-Mail Adresse"
"Empty version number field name","Leerer Versionsnummer-Feldname"
"Enable or disable logging.","Erfassung aktivieren oder deaktivieren."
"Enable the payment method","Diese Zahlungsmethode aktivieren"
"Enabled","Aktiviert"
"Endpoint Instalment only supports payment method RatePay Isntalments","Endpoint Instalment unterstützt nur die Zahlungsmethode RatePay Isntalments."
"Enter the date on which your card expires.","Geben Sie das Ablaufdatum der Karte ein."
"Error with the length of the validation date.","Bitte kontrollieren Sie das Gültigkeitsdatum."
"Excl. Tax","Exkl. Steuern"
"External Checkout","Externer Checkout"
"External Checkout: Guest Checkout","External Checkout: Gast Checkout"
"Failed","Fehlgeschlagen"
"Failed payment authorization.","Die Autorisierung ist fehlgeschlagen."
"Fee which applies to all installment plans, applied once per order.","Bei Ratenzahlung pro Bestellung anfallende, einmalige Bearbeitungsgebühr."
"Female","Weiblich"
"Figure !number:","Abbildung !number:"
"Forgot Your Password?","Haben Sie Ihr Passwort vergessen?"
"Forgot your password?","Passwort vergessen?"
"Gender","Geschlecht"
"Get Update","Aktualisieren"
"Height of the iframe, in 'em' units.","Höhe des iFrames, in 'em' Einheiten."
"Here you can insert an order prefix. The prefix allows you to change the order number that is transmitted to Authorize.net. The prefix must contain the tag {id}. It will then be replaced by the order number (e.g. name_{id}).","Hier können Sie einen Bestellpräfix eingeben. Der Präfix erlaubt es Ihnen, die Bestellnummer, die an Concardis PayEngine 3.0 übermittelt wird, zu verändern. Der Präfix muss den Tag {id} enthalten. Dieser wird anschliessend durch die Bestellnummer ersetzt (z.B. name_{id})."
"Here you can set a schema for the reference transmitted to identify the payment. The placeholder {id} will be replaced using the transaction id. Will default to {id} if left empty.","Hier können Sie ein Schema für die Referenz definieren, um die Zahlung zu identifizieren. Der Platzhalter {id} wird mit der Transaktions-ID ersetzt. Dieser standardmäßig auf {id} gesetzt wenn nichts konfiguriert wurde."
"Hide","Verbergen"
"Hide rate calculations","Ratenberechnung verbergen"
"I agree to the <a href='@url' target='_blank'>Terms and Conditions, as well as the Privacy Agreement of RatePay</a>.","Ich akzeptiere die <a href='@url' target='_blank'>AGB, sowie die Datenschutzvereinbarung von RatePay</a>"
"I agree to the displayed mandate and linked conditions.","Ich stimme dem gezeigten Mandat und den Bedingungen zu."
"I hereby authorise RatePAY GmbH, Franklinstr. 28-29, 10587 Berlin, Germany, to send instructions to my credit institute to debit all payments arising from this contract to the above-stated bank account, and authorise my credit institute to debit my account with all payments arising from this contract in accordance with the instructions from RatePAY GmbH.<br/>Note:<br/>Upon the conclusion of the contract, I will receive the mandate reference of RatePAY. I may request a refund of the debited amount within eight weeks after the debit date. The Terms & Conditions of my credit institute apply.","Ich ermächtige hiermit RatePAY GmbH, Franklinstr. 28-29, 10587 Berlin, mit diesem Vertrag in Zusammenhang stehende Zahlungen von meinem o.a. Konto mittels Lastschrift einzuziehen. Zugleich weise ich mein Kreditinstitut an, die von RatePAY GmbH auf mein Konto gezogenen Lastschriften einzulösen.<br><br>Hinweis:<br>Nach Zustandekommen des Vertrags wird mir die Mandatsreferenz von RatePAY mitgeteilt. Ich kann innerhalb von acht	Wochen, beginnend mit dem Belastungsdatum, die Erstattung des belasteten Betrages verlangen. Es gelten dabei die mit meinem Kreditinstitut vereinbarten Bedingungen."
"IBAN","IBAN"
"IBAN number","Bankkonto"
"Ich willige hiermit in die Weiterleitung meiner Daten an !company, gemäß <a target='_blank' href='!link'>RatePAY-Datenschutzerklärung</a> ein und ermächtige diese, mit diesem Kaufvertrag in Zusammenhang stehende Zahlungen von meinem o.a. Konto mittels Lastschrift einzuziehen. Zugleich weise ich mein Kreditinstitut an, die von RatePAY GmbH auf mein Konto gezogenen Lastschriften einzulösen.<br/>Hinweis:<br/> Nach Zustandekommen des Vertrags wird mir die Mandatsreferenz von RatePAY mitgeteilt. Ich kann innerhalb von acht Wochen, beginnend mit dem Belastungsdatum, die Erstattung des belasteten Betrages verlangen. Es gelten dabei die mit meinem Kreditinstitut vereinbarten Bedingungen.","Ich willige hiermit in die Weiterleitung meiner Daten an !company, gemäß <a target='_blank' href='!link'>RatePAY-Datenschutzerklärung</a> ein und ermächtige diese, mit diesem Kaufvertrag in Zusammenhang stehende Zahlungen von meinem o.a. Konto mittels Lastschrift einzuziehen. Zugleich weise ich mein Kreditinstitut an, die von RatePAY GmbH auf mein Konto gezogenen Lastschriften einzulösen.<br/>Hinweis:<br/> Nach Zustandekommen des Vertrags wird mir die Mandatsreferenz von RatePAY mitgeteilt. Ich kann innerhalb von acht Wochen, beginnend mit dem Belastungsdatum, die Erstattung des belasteten Betrages verlangen. Es gelten dabei die mit meinem Kreditinstitut vereinbarten Bedingungen."
"If a product is in stock only once and the payment of the customer ordering this product fails or is aborted, it won't be available until the order is canceled (see timeout option below). Enable this setting to cancel the customer's pending orders when he returns to the cart page and a product is not available anymore.","Sofern nur noch ein Produkt an Lager ist und die Bezahlung des Kunden (der genau dieses Produkt kauft) fehlschlägt, wird das Produkt solange reserviert bis die Bestellung annuliert wird (vgl. Timeout Option). Aktivieren Sie diese Option, falls Sie NICHT möchten, dass das Produkt reserviert wird. Die Bestellung wird dann bei fehlgeschlagener oder abgebrochener Zahlung sofort annuliert."
"If a product is in stock only once and the payment of the customer ordering this product fails or is aborted, it won't be available until the order is canceled (see timeout option below). Enable this setting to cancel the customer's pending orders when he returns to the cart page and a product is not available anymore. Be careful though: If you enable this option, there is a chance that payments are made with the corresponding order being already canceled.","Der Artikel wird während der Zeit, wenn ein Kunde im Checkout ist reserverit. Aktivieren Sie diese Option, damit der Bestand bei fehlgeschlagenen Zahlungen direkt wieder freigegeben wird. Ansonsten erfolgt die Freigabe erst, wenn der Cron Job die ausstehenden Bestellungen cancelled."
"If it is not applicable leave the field empty.","Falls nicht zutreffend, lassen Sie dieses Feld leer."
"If the status is 'Pending' it is unclear whether the transaction will be cancelled successfully.","Wenn der Status 'Ausstehend' ist, dann ist unklar ob die Transaktion erfolgreich storniert wurde."
"If the status is 'Pending' it is unclear whether the transaction will be captured successfully.","Wenn der Status 'Ausstehend' ist, dann ist unklar ob die Verbuchung erfolgreich war."
"If the status is 'Pending' it is unclear whether the transaction will be refunded successfully.","Wenn der Status 'Ausstehend' ist, dann ist es unklar, ob die Gutschrift erfolgreich war."
"If the test mode is selected the test account is used. Otherwise the configured account is used.","Dieser Account wird benutzt, wenn der Testmodus ausgewählt ist. Andernfalls wird der konfigurierte Account benutzt."
"If you have any issues with the module please feel free to contact us. See our <a href='https://www.sellxed.com/en/support' target='_blank'>support page</a> for more information.","Zögern Sie nicht, uns zu kontaktieren falls Sie ein Problem mit dem Modul haben. Auf unserer <a href='https://www.sellxed.com/de/support' target='_blank'>Support Seite</a> finden Sie weitere Informationen."
"If you select this checkbox, the payment will be captured at the PSP and you can not add additional captures.","Wenn Sie die Checkbox anklicken wird die Bestellung beim PSP verbucht. Es können keine weiteren Captures erstellt werden."
"If you would like to use recurring payments, you need our magento module ""Customweb Subscription"". For further information go to <a href=""http://www.sellxed.com/shop/"" target=""_blank"">sellxed.com</a>.","Falls Sie Recurring Payments anbieten möchten, brauchen Sie das Magnet Modul ""Customweb Subscription"". Weitere Informationen finden Sie unter <a href=""http://www.sellxed.com/shop/"" target=""_blank"">sellxed.com</a>."
"Iframe height","Iframe höhe"
"Image Brand Selection","Auswahl des Kartenlogos"
"In some cases it may take a few seconds until the transaction is successfully authorized. When this option is enabled, the notification is awaited.","Es kann in einigen Fällen ein paar Sekunden dauern bis die Transaktion erfolgreich genehmigt wird. Wenn diese Option aktiviert ist, wird die Benachrichtigung erwartet."
"In some cases the transaction requires a few seconds until it is successfully authorized. When this option is enabled the user is hold until the transaction reach the final state. If this is not the case in 30 seconds a message is shown to the customer, which explains the situation.","Es dauert teilweise etwas bis wir vom PSP die Nachricht der Zahlung erhalten. Das aktivieren dieser Option führt dazu, dass der Kunde im Checkout verzögert wird, bis die Notifikation vom PSP eintrifft."
"Inactive","Inaktiv"
"Incl. Tax","Inkl. Tax"
"Information","Information"
"Inline (Default)","Normal (Inline)"
"Interest amount","Zinsbetrag"
"Interest rate","Zinssatz"
"Invalid login or password.","Ungültiges Login oder Passwort."
"Invoice Items","Rechungsartikel"
"Invoice Settlement","Verbuchung der Rechnung"
"Invoice Totals","Rechnungstotal"
"Invoice settlement","Rechungserstellung"
"Invoice was created successfully","Die Rechnung wurde erfolgreich erstellt"
"Invoices","Rechungen"
"Issue Number","Ausgabekartennummer"
"It is not possible to checkout in your country.","Es ist in Ihrem Land nicht möglich zu bezahlen."
"Item","Artikel"
"Items","Artikel"
"Items Refunded","Artikel zurückerstattet"
"JCB","JCB"
"JSON could not be decoded.","Das JSON konnte nicht dekodiert werden."
"Last rate","Letzte rate"
"Live","Live"
"Live HMAC Key","Live HMAC Key"
"Live Identifier (PBX_IDENTIFIANT)","Live Identifier (PBX_IDENTIFIANT)"
"Live Mode","Live Modus"
"Live Password","Live Passwort"
"Live Rang (PBX_RANG)","Live Rang"
"Live Site ID (PBX_SITE)","Live Site ID (PBX_SITE)"
"Loading...","Laden..."
"Logging","Logging"
"Login","Login"
"Login & Register","Login & Registrieren"
"Login and password are required.","Login und Passwort sind erforderlich."
"Mail order/telephone order authorization","Autorisierung von eMail-/Telefonbestellungen"
"Male","Männlich"
"Manage Stores","Shops verwalten"
"Manage Concardis PayEngine 3.0 Aliases","Concardis PayEngine 3.0 Aliasse verwalten"
"MasterCard","MasterCard"
"Maximum Order Total","Maximales Bestelltotal"
"May be different","Erlaubt"
"Merchant ID","Merchant ID"
"Merchant ID (Live)","Merchant ID (Live)"
"Merchant ID (Test)","Merchant ID (Test)"
"Merchant ID for the test environment, provided by Concardis PayEngine 3.0.","Bitte geben Sie die MerchantID für die Testumgebung an. Diese erhalten Sie von Concardis PayEngine 3.0."
"Merchant Password","Händlerpasswort"
"Merchant Password (Live)","Merchant Password (Live)"
"Merchant Password (Test)","Merchant Password (Test)"
"Merchant Password for the test environment, provided by Concardis PayEngine 3.0.","Bitte tragen Sie das Merchant Passwort der Testumgebung ein. Dieses erhalten Sie von Concardis PayEngine 3.0."
"Message","Nachricht"
"Method Title","Titel der Zahlungsmethode"
"Minimum Order Total","Minimales Bestelltotal"
"Minimum amount (below)","Minimaler Warenwert"
"Minimum cart amount which must be reached for device tracking to be used, when configured to only run above certain amounts.","Minimaler Warenwert der erreicht werden muss für die Geräteverfolgung."
"Month","Monat"
"Monthly debit interest","Monatliche Sollzinsen"
"Monthly rate","Monatsrate"
"Must be the same","Verboten"
"My Concardis PayEngine 3.0 Aliases","Meine Concardis PayEngine 3.0 Aliasse"
"New Order","Neue Bestellung"
"New Order Status","Neuer Bestellstatus"
"New card","Neue Karte"
"Next Update Execution Date","Nächstes Ausführungsdatum für Updates"
"No","Nein"
"No Items","Keine Artikel"
"No additional payment information available.","Keine zusätzliche Zahlungsinformationen verfügbar"
"No authorization method found for payment method !method.","Es konnte keine Autorisierungsmethode für die Zahlmethode '!method' gefunden werden."
"No button returned.","Kein Knopf erhalten."
"No refund possible.","Keine Rückvergütung möglich"
"No shipping method needed.","Keine Versandmethode benötigt."
"No, use the dropdown.","Dropdown-Menü benutzen"
"Only an authorized transaction can be marked as finally declined.","Nur autorisierte Transaktionen können als endgültig abgelehnt markiert werden."
"Only an uncertain transaction can be marked as finally declined.","Nur unsichere Transaktionen können als endgültig abgelehnt markiert werden."
"Only authorized transaction can be cancelled.","Nur autorisierte Transaktionen können storniert werden."
"Only authorized transaction can be captured.","Nur autorisierte Transaktionen können verbucht werden."
"Only authorized transaction can be refunded.","Nur autorsierte Transaktionen können gutgeschrieben werden."
"Only captured transaction can be refunded.","Nur gebuchte Transaktionen können gutgeschrieben werden."
"Only on captured transaction the flag customer refusing to pay can be set.","Nur bei bereits verbuchten Transaktionen kann ein Flag zur Markierung von Kunden, die nicht bezahlt haben, gesetzt werden."
"Operation Mode","Betriebsmodus"
"Operation mode","Betriebsmodus"
"Operation mode of the shop.","Betriebsmodus des Shops"
"Order #","Bestellnummer"
"Order Grand Total","Gesamtsumme der Bestellung"
"Order ID Schema","Bestell-ID-Schema"
"Order Information","Bestellungsinformation"
"Order Prefix","Bestell-Präfix"
"Order Review","Bestellungsüberprüfung"
"Order Summary","Bestellzusammenfassung"
"Order Total","Bestelltotal"
"Order amount","Bestellmenge"
"Order cancelled, because the customer was too long in the payment process of Concardis PayEngine 3.0.","Bestellung wurde abgebrochen, da der Kunde sich zu lange im Zahlungsprozess von Concardis PayEngine 3.0 befand."
"Order was placed using %s","Order was placed using %s"
"Orders","Bestellungen"
"Orders with with payments that are longer pending than the specified timeout in minutes are cancelled automatically.","Bestellungen, deren Zahlungen länger ausstehend bleiben als das definierte Timeout in Minuten, werden automatisch abgebrochen. Um dieses Feature benutzen zu können, müssen Sie Magento Cron aufsetzen."
"Organization Entity Type","Unternehmenstyp"
"Organization Registration ID","Unternehmensregisternummer"
"Organization VAT ID","Unternehmensteuernummer"
"Paid Amount","Bezahlter Betrag"
"Partial refund not possible. You may retry with the total transaction amount.","Teilrückzahlung nicht möglich. Die Summe ist grösser als der verbuchte Gesamtbetrag."
"Password","Passwort"
"Password and password confirmation are not equal.","""Passwort"" und ""Passwort bestätigen"" stimmen nicht überein."
"Pay with ____paymentMethodName____","Zahlen mit ____paymentMethodName____"
"Payment","Zahlung"
"Payment ID","Zahlungs-ID"
"Payment Id","Payment ID"
"Payment Information","Zahlungsinformationen"
"Payment Method","Zahlungsmethode"
"Payment captured successfully.","Die Zahlung wurde erfolgreich vebucht."
"Payment could not be authorized. Cancelling order. Reason :","Die Zahlung konnte nicht autorisiert werden. Bestellung wird abgebrochen. Grund:"
"Payment details can be entered after placing the order","DIe Zahlungsinformationen können eingegeben werden, nachdem die Bestellung bestätigt wurde."
"Payment from Applicable Countries","Zahlung von zutreffenden Ländern"
"Payment from Specific Countries","Zahlung von spezifischen Ländern"
"Payment from applicable countries","Zahlung von zutreffenden Ländern"
"Payment from specific countries","Zahlung von spezifischen Ländern"
"Payment is pending at PayEngine3Cw","Zahlung ist bei PayEngine3Cw ausstehend"
"Payment method description","Beschreibung der Zahlungsmethode"
"Payment method is currently not available to due previous decline.","Die Zahlart ist aktuell nicht verfügbar da es zuvor eine Ablehnung gab."
"Payment method not available due to previous attempt.","Zahlart aufgrund vorherigem Versuch nicht verfügbar."
"Payment with %s","Zahlung mit %s"
"Payment with Concardis PayEngine 3.0","Zahlung mit Concardis PayEngine 3.0"
"Payments may be updated periodically (interval in minutes). To use this feature you have to setup magento cron","Mit der Aktivierung dieser Option wird periodisch der Status der Zahlung via API Interface abgefragt. Um das Feature zu nutzen, muss der Magento Cron aktiviert sein."
"Pending","Ausstehend"
"Pending PayEngine3Cw","Ausstehend  PayEngine3Cw"
"Periodic percentage applied to the loan taken.","Periodischer Prozentsatz, der auf das in Anspruch genommene Darlehen angewendet wird."
"Personally calculated rates","Persönlich berechnete Raten"
"Phone Number","Telefonnummer"
"Place Order","Rechtsverbindlich bestellen"
"Please Select...","Bitte wählen..."
"Please agree to all the terms and conditions before placing the order.","Bitte stimmen Sie vor dem Platzieren der Bestellung den allgemeinen Geschäftsbedingungen zu."
"Please agree to the mandate.","Bitte stimmen Sie dem Mandat zu"
"Please calculate and select a rate.","Bitte wählen Sie eine Rate aus."
"Please check the entered CVC number.","Bitte überprüfen Sie den eingegebenen CVC."
"Please check the entered credit card number.","Bitte geben Sie eine Kreditkartennummer ein."
"Please check your input.","Bitte überprüfen Sie Ihre Eingaben."
"Please choose between the two options","Bitte wählen Sie eine der beiden Optionen."
"Please enter a phone number.","Bitte geben Sie eine Telefonnummer ein."
"Please enter a valid day of birth.","Bitte geben Sie ein gültiges Geburtsdatum ein."
"Please enter a valid rate.","Bitte geben Sie eine gültige Rate ein."
"Please enter a valid run time.","Bitte geben Sie eine gültige Laufzeit ein"
"Please enter here the Bank Identifier Code (BIC).","Bitte tragen Sie hier einen BIC ein (Bank identifier Code)."
"Please enter here the CVC code from your card. You find the code on the back of the card.","Bitte geben Sie hier den CVC Ihrer Karte ein. Sie finden diesen auf der Rückseite Ihrer Kreditkarte."
"Please enter here the International Bank Account Number (IBAN).","Bitte geben Sie die IBAN Ihres Bankkontos ein."
"Please enter here the account holder name on the card.","Bitte geben Sie den Kontoinhaber an."
"Please enter here the account holder name.","Bitte tragen Sie hier den Kontoinhaber ein."
"Please enter here the account number of your bank account.","Bitte geben Sie die IBAN Ihres Bankkontos ein."
"Please enter here the bank code of your bank.","Bitte geben Sie den Bankcode Ihrer Bank ein."
"Please enter here the card holder name on the card.","Bitte geben Sie den Karteninhaber auf Ihrer Kreditkarte ein."
"Please enter here the commercial number of your company.","Sie müssen die Handelsregisternummer Ihrer Firma eingeben"
"Please enter here the name of the account owner.","Bitte geben Sie den Namen des Kontoinhabers an."
"Please enter here the number on your card.","Bitte geben Sie hier die Kartennummer Ihrer Kreditkarte ein."
"Please enter here the sales tax number of your company.","Bitte tragen Sie hier die Steuernummer Ihrer Firma ein."
"Please enter here your phone number.","Bitte geben Sie hier Ihre Telefonnummer an."
"Please enter here your social security number.","Bitte geben Sie hier Ihre Sozialversicherungsnummer ein."
"Please enter the location of your bank.","Bitte geben Sie den Standort Ihrer Bank ein."
"Please enter the name of your bank.","Bitte geben Sie hier den Namen Ihrer Bank ein."
"Please enter your BIC.","Bitte geben Sie Ihren BIC an."
"Please enter your Bank account for the automatic monthly debit on the 2. of the calender month. If this day falls on a sunday or holiday, the debit is processed on the next workday.","Bitte geben Sie ihre Bankverbindung für den monatlichen Einzug zum jeweils 2. des Kalendermonats an. Liegt dieser auf einem Sonn- oder Feiertag, so erfolgt der Einzug am darauf folgenden Werktag"
"Please enter your IBAN number.","Bitte geben Sie Ihre IBAN ein."
"Please enter your IBAN.","Bitte geben Ise Ihre IBAN Nummer an."
"Please enter your issue number, if there is no CVC code on your card.","Bitte geben Sie die Ausgabenummer von Ihrer Karte ein, falls Sie keinen CVC auf Ihrer Karte haben."
"Please enter your phone number.","Bitte geben Sie Ihre Telefonnummer ein."
"Please flash or disable the cache storage and retry. If this did not help, change the authorization method to PaymentPage and <a href=""%s"" target=""_blank"">contact sellxed</a>.","Bitte deaktivieren Sie Cache und versuchen Sie es erneut. Sollte dies nicht helfen, ändern Sie die Autorisationsmethode zu PaymentPage und <a href=""%s"" target=""_blank"">kontaktieren Sie sellXed</a>."
"Please flash or disable the cache storage and retry. If this did not help, change the authorization method to PaymentPage and <a href=""%s"" target=""_blank"">contact sellxed</a>.', 'http://www.sellxed.com/en/support","Bitte leeren oder deaktivieren Sie den Cache-Speicher und versuchen Sie es erneut. Falls dies nicht hilft, ändern Sie die Autorisationsmethode zu Payment Page und <a href=""%s"" target=""_blank"">kontaktieren Sie sellXed</a>.', 'http://www.sellxed.com/en/support"
"Please flush or disable the cache storage and retry. If this did not help, change the authorization method to PaymentPage and <a href=""%s"" target=""_blank"">contact sellxed</a>.","Bitte entleeren oder deaktivieren Sie Ihren Cache und versuchen Sie es erneut. Falls es immer noch nicht klappt, ändern Sie die Autorisierungsmethode zu PaymentPage und kontaktieren Sie <a href=""%s"" target=""_blank"">sellxed</a>."
"Please log in below:","Bitte loggen Sie sich ein:"
"Please select","-- Bitte wählen --"
"Please select a shipping method before sending the order.","Bitte wählen Sie vor dem Übermitteln der Bestellung eine Versandmethode aus."
"Please select invoice or debit type.","Bitte wählen Sie Rechnungs oder Lastschrift typ."
"Please select the Bank Identifier Code (BIC) of your bank.","Wählen Sie einen BIC (Bank Identifier Code) Ihrer Bank."
"Please select the day of your birth.","Bitte wählen Sie den Tag Ihrer Geburt aus."
"Please select the expiry month on your card.","Bitte wählen Sie den Monat des Ablaufdatums auf Ihrer Kreditkarte aus."
"Please select the expiry year on your card.","Bitte geben Sie das Ablaufdatum der Karte ein."
"Please select the month of your birth.","Bitte wählen Sie den Monat Ihrer Geburt aus."
"Please select the the year of your birth.","Bitte wählen Sie das Jahr Ihrer Geburt aus."
"Please select your gender.","Wählen Sie ihr Geschlecht"
"Please wait, processing your order...","Bitte warten, während die Bestellung verarbeitet wird..."
"Price","Preis"
"Product","Produkt"
"Product Name","Produktname"
"Purchase Point","Einkaufsort"
"Purchase amount","Warenwert"
"Qty","Anzahl"
"Rate due each month.","Monatlich fälliger Teilbetrag."
"RatePay ID (Live)","RatePay ID (Live)"
"RatePay ID (Test)","RatePay ID (Test)"
"RatePay ID for the live environment, provided by RatePay.","RatePay ID for the live environment, provided by RatePay."
"RatePay ID for the test environment, provided by RatePay.","RatePay ID für die Testumgebung, von RatePay bereitgestellt."
"RatePay Installments","RatePay Ratenzahlung"
"RatePay generally declines transactions where billing and delivery addresses do not match. Please note that differing addresses require an additional agreement with RatePay.","Generell lehnt RatePay Transaktionen mit abweichenden Addressen ab. Sollten Sie die entsprechende Zusatzvereinbarung haben können Sie dies hier zulassen."
"Ratepay ID","Ratepay ID"
"Ratepay calculator does not support test mode, and as such the live credentials are used here.","Der RatePay Rechner unterstützt den Test Modus nicht, es mwerden deshalb Livezugangsdaten verwendet."
"Ratepay instalment calculator","RatePay Raten Rechner"
"Recurring Payments","Abo Zahlungen"
"Refund Amount","Rückerstattungsbetrag"
"Refund ID","Rückvergütungs ID"
"Refund amount","Rückerstattungsbetrag"
"Refund information","Informationen zur Gutschrift"
"Refund status","Gutschriftsstatus"
"Refunded Amount","Rückerstattungsbetrag"
"Refunds","Gutschrift"
"Register","Registireren"
"Register to Create an Account","Registrieren, um ein Benutzerkonto zu erstellen"
"Register with us for future convenience:","Registrieren Sie sich bei uns für zukünftigen Komfort:"
"Release Date","Erscheinungsdatum"
"Review","Übersicht"
"Rounding Adjustment","Rundungskorrekturen"
"Row Total","Zeilensumme"
"Run for new customers","Für Neukunden"
"SEPA Mandate ID","SEPA Mandats ID"
"SKU:","SKU:"
"Sales","Verkäufe"
"Sales Tax Number","Steuer Nummer"
"Save","Speichern"
"Saved cards:","Gespeicherte Karten:"
"See order and shipping status","Bestell- und Versandstatus ansehen"
"Select Brand","Wählen Sie den Kartentyp aus."
"Select Method","Methode auswählen"
"Select the authorization method to use for processing this payment method.","Wählen Sie bitte die Autorisierungsmethode für diese Zahlweise. (Bitte beachten Sie, dass die Hidden Autorisierung für Kreditkarten (sofern vorhanden) zusätzliche Zertifizerungsanforderungen mit sich bringt SAQ-A-EP. Für weitere Informationen kontkatieren Sie bitte Concardis PayEngine 3.0)."
"Select the date of your birth.","Wählen Sie Ihr Geburtsdatum."
"Select the date on which your card expires.","Wählen Sie das Kartenablaufdatum."
"Selected payment","Ausgewählte zahlung"
"Send Invoice Email","Rechnungs-E-Mail senden"
"Send amounts to Concardis PayEngine 3.0 in base currency.","Den Betrag an Concardis PayEngine 3.0  in der Standard Währung setteln"
"Send amounts to Concardis PayEngine 3.0 in store's base currency.","Beträge in der Basiswährung des Shops an Concardis PayEngine 3.0 senden."
"Send invoice email","Rechnungsmail versenden"
"Send the invoice email automatically after invoice creation.","Soll das Rechnungsemail direkt nach dem Erstellen der Rechnung versendet werden?"
"Service charge","Bearbeitungsgebühr"
"Set direct capture after order. In this case your authoization will directly be captured on your customer's credit card","Wenn Sie 'Direkte Buchung' wählen, wird die Autorisierung direkt von der Kredit Karte des Kunden abgebucht. Bei 'Verzögerte Buchung' wird der Betrag verzögert zu einem von Ihnen definierten Zeitpunkt verbucht."
"Set the sort order to show the external checkouts.","Legen Sie die Reihenfolge fest, in der externe Checkouts angezeigt werden sollen."
"Settlement after order","Erstellung nach der Bestellung"
"Shipping & Handling","Shipping & Handling"
"Shipping Address","Lieferadresse"
"Shipping Amount","Lieferkosten"
"Shipping Information","Versandinformationen"
"Shipping Method","Versandmethode"
"Shipping Methods","Versandmethoden"
"Shipping Refund","Rückerstattung der Lieferkosten"
"Shop","Shop"
"Should device tracking be used, and if, when?","Sollte Geräteverfolgung aktiviert werden, und wenn, wann?"
"Should the amount be captured automatically (debit) or should the amount only be reserved (deferred)?","Bitte geben Sie an, ob der Betrag automatisch verbucht werden soll (debit) oder ob lediglich eine Reservierung durchgeführt werden soll (deferred)?"
"Should the amount be confirmed automatically or should the amount only be authorised? Please note that the automatic confirmation should only be used for digital goods and similar cases. Once the payment has been made the goods should be immediately available.","Sollte der Betrag direkt bestätigt werden oder sollte dieser nur autorisiert werden? Bitte beachten Sie dass die Automatische Versandbestätigung nur für Digitalgüter und ähnliche Fälle, in denen die Waren sofort verfügbar sind, verwendet werden sollten."
"Should the element which contains the credit cards be rendered inline with other elements, or wide?","Sollte das Element welches die Krediktarten beinhaltet normal oder breit dargestellt werden?"
"Show","Anzeigen"
"Show Account Selection","Account-Auswahl anzeigen"
"Show Further Settings and Information","Weitere Einstellungen und Informationen zeigen"
"Show Image","Bild anzeigen"
"Show Payment Id","Payment ID anzeigen"
"Show rate calculations","Ratenberechnung anzeigen"
"Show the payment id","Anzeigen der Zahlungs ID"
"Show the payment id in the order information","Zahlungs ID in der Bestellinformation anzeigen"
"Show the payment image","Anzeigen der Zahlungslogos"
"Show the payment image on the checkout page","Zahlungslogos im Checkout anzeigen"
"Sign In","Anmelden"
"Signing fee","Vertragsabschlussgebühr"
"Social Security Number","Sozialversicherungsnummer"
"Sort Order","Sortierreihenfolgen"
"Status","Status"
"Store the payment details","Speichere Zahlungsdaten"
"Stored payment details","Gespeicherte Zahlungsdetails"
"Submit","Abschicken"
"Submit Order","Bestellung absenden"
"Submitting order information...","Bestellungsinformation übermitteln..."
"Subtotal","Zwischensumme"
"Success","Erfolgreich"
"Successful","Erfolgreich"
"Successful online refund of amount","Der Betrag wurde online erfolgreich zurückerstattet."
"Successful payment authorization.","Die Zahlung wurde erfolgreich autorisiert."
"Successfull online refund of amount","Der Betrag wurde online erfolgreich zurückerstattet."
"Sum of all cart items, the purchase amount.","Summe aller Artikel Ihres Warenkorbs, incl. Versandkosten etc."
"Support","Support"
"Tax Amount","Steuerbetrag"
"Technical issue: This payment methods is not available at the moment.","Technisches Problem: Diese Zahlungsmethode ist zur Zeit nicht verfügbar."
"Terms & Conditions and Privacy","AGB &amp; Datenschutzvereinbarung"
"Terms &amp; Conditions and Privacy","AGB &amp; Datenschutzvereinbarung"
"Test","Test"
"Test Mode","Test Modus"
"Test Transaction","Testtransaktion"
"The API private key can be found in the backend of Concardis PayEngine 3.0 under My Account > API Keys > Private Key.","Der Private API Key finden Sie im Backend von Concardis PayEngine 3.0 unter My Account > API Keys > Private Key"
"The HMAC key as defined in the live backoffice of Concardis PayEngine 3.0. You may need generate the HMAC key. Please take a look at the manual how to do this.","Der HMAC Key ist im Live Backoffice von Concardis PayEngine 3.0 angegeben. Eventuell müssen Sie den HMAC Key noch generieren. Eine Anleitung dazu finden Sie im Manual."
"The SEPA mandate schema does not contain the tag '!tag'. This tag is required.","Das SEPA Mandat Scheme enthält leider nich die Bezeichnung '!tag'. Diese Bezeichnung ist aber Pflicht."
"The alias could not be found.","Der Alias konnte nicht gefunden werden."
"The alias has been deleted.","Der Alias wurde gelöscht"
"The alias transaction could not be conductet with error code: !code, and reason: !reason:","Die Alias Transaktion konnte nicht durchgeführt werden. Fehlermeldung: !code und Grund: !reason."
"The amount could not be verified.","Der Betrag konnte nicht verifiziert werden."
"The amount of !amount is authorized.","Der Betrag von '!amount' wurde autorisiert."
"The amount of !amount is captured.","Der Betrag von !amount ist verbucht."
"The authorization method '!method' is not supported.","Die Autorisierungsmethode '!method' ist nicht unterstützt."
"The authorization was not successful","Autorisierungsfehler. Die Autorisierung war nicht erfolgreich."
"The brand of the credit card is detected by the card number if hidden authorization is used. If the payment page is used, the user has to select the brand. The allowed credit card brands can be restricted by this setting.","Der Kreditkartenanbieter wird anhand der Kartennummer falls Hidden Authorization benutzt wird. Wird die Zahlungsseite (Payment Page) benutzt, muss der Nutzer den Anbieter manuell auswählen. Über diese Einstellung können auch die akzeptierten Kreditkartenanbieter eingeschränkt werden."
"The brand with external name '!key' was not present in the map.","Der Kreditkartenbrand mit dem Namen '!key' konnte nicht zugeordnet werden."
"The brand with key '!key' was not found in the card information map.","Der Kreditkarten Brand mit dem '!key' wurde nicht gefunden in der Karteninformationsmap."
"The cancel failed with status !status.","Die Stornierung schlug mit dem Status !status fehl."
"The cancel was submitted succesfully, but the result is still pending.","Die Stornierung der Transaktion wurde angefordert. Wir warten noch auf das Resultat."
"The cancellation could not be conducted. Error code: !error.","Die Stornierung konnte nicht durchgeführt werden. Fehlercode: !error."
"The capture amount (!captureAmount) cannot be greater than the authorized amount (!authorizedAmount).","Der Verbuchungsbetrag von '!captureAmount' kann nicht grösser sein als der autorisierte Betrag von '!authorizedAmount'."
"The capture failed with status !status.","Das Verbuchen der Transaktion ist fehlgeschlagen (Status: !status)."
"The capture item with SKU '@sku' has a higher amount (@amountItem) as the original item (@amountOriginal).","Der verbuchte Artikel mit der Bestandseinheit @sku hat einen höheren Wert (@amountItem) als der ursprüngliche Artikel (@amountOriginal)."
"The capture item with SKU '@sku' is not present in the original order.","Der verbuchte Artikel mit der Bestandseinheit @sku ist in der ursprünglichen Bestellung nicht vorhanden."
"The capture was submitted succesfully, but the result is still pending.","Die Transaktion wurde zur Verbuchung übermittelt. Wir warten auf das Resultat."
"The capturing could not be conducted. Error code: !error.","Die Verbuchung konnte nicht durchgeführt werden. Fehlercode: !error."
"The card brand selection is automatically done depending on the entered card number. If no Javascript is active in the browser, a drop down is shown. In case JavaScript a the brand logos can be shown. Should the brand selection using images?","Die Auswahl des Kartenanbieters wird abhängig von der eingegebenen Kartennummer automatisch durchgeführt. Falls JavaScript im Browser nicht aktiviert ist, wird ein Dropdown-Menü angezeigt. Ist JavaScript aktiv, können die Logos der Anbieter gezeigt werden, sofern die Image Brand Selection aktiviert ist."
"The configuration has been saved.","Die Konfiguration wurde gespeichert."
"The controller class '@controller' does not provide any method with annotation 'Customweb_Payment_Endpoint_Annotation_ExtractionMethod' and valid output.","Die Controller Class '@controller' bietet keine Methode mit der Beschriftung 'Customweb_Payment_Endpoint_Annotation_ExtractionMethod' und gültigem Output."
"The customer does not finish the payment with in the timeout.","Der Kunde hat die Zahlung nicht innerhalb des Timeouts abgeschlossen."
"The date of birth is required.","Das Geburtsdatum muss angegeben werden."
"The desired rate corresponds to the given conditions.<br/>The installment calculation may derivate from the installment plan.","Die Wunschrate entspricht den vorgegebenen Bedingungen.<br/>Die Ratenberechnung kann zum Ratenplan abweichen."
"The expected format is '!format' where the 'MM' means the month number and 'YY' the year number.","Das Ablaufdatumsformat ist '!format', wobei 'MM' für den Monat steht und 'YY' für das Jahr."
"The gender is required.","Geschlecht muss angegeben werden."
"The given CVC code has the wrong length.","Der angegebene CVC Code hat eine ungültige Länge."
"The given card number has an invalid check sum.","Die angegebene Kartennummer hat eine ungültige Check Summe."
"The given card number has an invalid length.","Die angegebene Kartennummer hat eine ungültige Länge."
"The given hmac key is empty.","Der HMAC Key ist ungültig."
"The given identifier is empty.","Der Identifier ist ungültig."
"The given password is empty.","Das Passwort ist ungültig."
"The given rang is empty. It must be a nummeric value with length of two.","Der gegebene Rang ist leer. Er muss eine zweistellige Nummer sein."
"The given rang is invalid. It must be a nummeric value with length of two.","Der gegebene Rang ist ungültig. Er muss eine zweistellige Nummer sein."
"The given site number is empty.","Es wurde keine Seitenzahl angegeben."
"The identifier as defined in the backoffice of Concardis PayEngine 3.0.","Der Identifier, wie er im Concardis PayEngine 3.0 Backoffice angegeben ist."
"The invoice could not be captured and processed by","Die Rechung konnte bei Concardis PayEngine 3.0 nicht gebucht und verarbeitet werden"
"The invoice could not be captured and processed. Reason:","Die Rechnung konnte nicht verbucht und verarbeitet werden. Grund: !reason."
"The invoice could not be found.","Die Rechung konnte nicht gefunden werden."
"The invoice has been changed.","Die Rechnung wurde geändert."
"The invoice no longer exists.","Die Rechnung existiert nicht mehr."
"The layout does not contain the tag '!layout_tag'.","Das Layout enhält nicht den Tag '!layout_tag'."
"The mandate reference will be transmitted after order completion.","Die Mandatsreferenz wird nach Bestellabschluss übermittelt."
"The maximum run time in months is:","Die Maximallaufzeit in Monaten ist:"
"The minimum rate per month is:","Die minimale Rate pro Monat ist:"
"The minimum run time in months is:","Die Minimallaufzeit in Monaten ist:"
"The next update execution date indicates when the next cron is run to update the transaction state.","Das nächste Ausführungsdatum für upades zeigt Ihnen an, wann der nächste cron für das Update des Transaktionsstatus läuft."
"The order could not be created.","Die Bestellung konnte nicht erstellt werden."
"The order is not fully completed. Please contact the store owner.","Die Zahlung konnte nicht durchgeführt werden."
"The payment form will be displayed after submitting the order.","Das Bezahlformular wird nach dem Absenden der Bestellung angezeigt."
"The payment has been accepted.","Die Zahlung wurde akzeptiert"
"The payment has been denied.","Die Zahlung wurde abgelehnt."
"The payment method !paymentMethodName does not support the currency '!currency'.","Die Zahlweise '!paymentMethodName' unterstützt die Währung '!currency' nicht."
"The payment method !paymentMethodName is not available in your country ('!country').","Die Zahlungsmethode '!paymentMethodName' ist in Ihrem Land ('!country') nicht verfügbar."
"The payment process has been cancelled by the customer.","Der Zahlungsprozess wurde vom Kunden abgebrochen."
"The payment update has been made.","Das Zahlungsupdate wurde ausgeführt."
"The provided signature does not match with the one calculated.","Die eingegeben Signatur stimmt nicht mit der berechneten Signatur überein."
"The rang (PBX_RANG) as defined in the live backoffice of Concardis PayEngine 3.0. It must be nummeric value with length two. In the backoffice it may be displayed as a three char value. You must truncate the first digit.","Der Rang (PBX_RANG), wie er im Live Backoffice von Concardis PayEngine 3.0_ angegeben ist. Er muss eine zweistellige Nummer sein. Im Backoffice wird er eventuell als dreistelliger Wert angezeigt. Sie müssen die erste Ziffer streichen."
"The rate due in the last month.","Im letzten Monat fälliger Teilbetrag."
"The refund item with SKU '@sku' has a higher amount (@amountItem) as the original item (@amountOriginal).","Der zurückerstattete Artikel mit der Bestandseinheit @sku hat einen höheren Betrag (@amountItem) als der ursprüngliche Artikel (@amountOriginal)."
"The refund item with SKU '@sku' is not present in the original order.","Der zurückerstattete Artikel mit der Bestandseinheit @sku ist in der ursprünglichen Bestellung nicht enthalten."
"The refunding could not be conducted. Error code: !error.","Die Rückerstattung konnte nicht durchgeführt werden. Fehlercode: !error."
"The remainder of the transaction was cancelled (in progress).","Der rest der Bestellung wird storniert."
"The remainder of the transaction was cancelled.","Der rest der Bestellung wurde storniert."
"The required parameters for the rate calculation were not received.","Die benötigten Parameter für die Ratenberechnung wurden nicht erhalten."
"The shopping cart has been altered!","Der Warenkorb wurde verändert!"
"The signature could not be verified.","Die Signatur konnte nicht verifiziert werden."
"The site id (PBX_RANG) as defined in the backoffice of Concardis PayEngine 3.0.","Die Site ID (PBX_RANG) wie Sie im Backoffice von Concardis PayEngine 3.0 angegeben ist."
"The total including the initial order, signing fee and interest.","Summe der vom Käufer zu zahlenden Beträge aus Warenwert, Vertragsabschlussgebühr und Zinsen."
"The total refund amount (!totalRefundedAmount) cannot be greater than the captured amount (!capturedAmount).","Der Totale gutzuschreibende Betrag von '!totalRefundedAmount' kann nicht grösser sein als der verbuchte Betrag von '!capturedAmount'."
"The transaction cannot be cancelled online.","Die Transaktion kann nicht online storniert werden."
"The transaction cannot be captured online.","Die Transaktion kann nicht online erfasst werden."
"The transaction cannot be refunded online.","Die Transaktion kann nicht online zurückerstattet werden."
"The transaction expired.","Die Transaktion ist abgelaufen."
"The transaction failed with error code !code.","Die Transaktion ist fehlgeschlagen. Fehlermeldung: !code"
"The transaction failed.","Die Transaktion ist fehlgeschlagen."
"The transaction is only executed in the test system. The goods should not be delivered.","Die Transaktion wird nur im Testsystem durchgeführt. Die Waren sollen nicht geliefert werden."
"The transaction was aborted.","Die Transaktion wurde abgebrochen."
"The transaction was declined.","Die Transaktion wurde abgelehnt."
"The value for configuration '@label' must be set.","Der Wert für die Konfiguration '@label' muss gesetzt sein."
"The whole transaction is cancelled.","Die gesamte Transaktion wurde storniert."
"There has been a problem during the processing of your payment.","Während der Verarbeitung der Zahlung ist ein Problem aufgetreten."
"There has been a problem during the processing of your payment. Please contact the shop owner to make sure your order was placed successfully.","Während der Verarbeitung der Zahlung ist ein Problem aufgetreten. Bitte kontaktieren Sie den Shop-Betreiber um sicherzugehen, dass die Bestellung erfolgreich erfasst wurde."
"There is a problem with your license. Please contact us (www.sellxed.com/support). Reason: %1","Es besteht ein Problem mit Ihrer Lizenz. Bitte kontaktieren Sie uns (www.sellxed.com/support). Reason: %1"
"There is a problem with your license. Please contact us (www.sellxed.com/support). Reason: %s","There is a problem with your license. Please contact us (www.sellxed.com/support). Reason: %s"
"There is already a customer registered using this email address. Please login using this email address or enter a different email address to register your account.","Es ist bereits ein Kunde mit dieser E-Mail-Adresse registriert. Bitte mit dieser E-Mail-Adresse anmelden, oder eine andere E-Mail-Adresse eingeben um ihren Account zu registrieren."
"There seems to be a configuration issue. Please try another payment method, and contact the merchant.","Es scheint ein Konfigurationsproblem zu geben. Bitte versuchen Sie es mit einer anderen Zahlungsmethode und wenden Sie sich an den Shopbetreiber."
"There seems to be a problem with the Concardis PayEngine 3.0 module.","Es scheint ein Problem mit dem Concardis PayEngine 3.0-Modul  zu geben."
"There was an error validating the login and password.","Ein Fehler ist bei der Validierung der Logindaten und des Passworts aufgetreten."
"There was an error with your connection, please try again later.","Es ist ein Verbindungsproblem aufgetreten, bitte versuchen Sie es erneut."
"This account is not confirmed. <a href=""%s"">Click here</a> to resend confirmation email.","Dieser Account ist nicht verifiziert. <a href=""%s"">Klicken Sie hier</a> um die Bestätigungsemail erneut zu versenden."
"This password is used for recurring payments and for the alias manager as well as for the server authorization. This is the password of the Concardis PayEngine 3.0 account.","Dieses Passwort wird für wiederkehrende Zahlungen sowie für den Alias Manager und die Service Autorisierung benutzt. Dies ist das Passwort für den Concardis PayEngine 3.0 Account."
"This setting can be used to activate resp. deactivate the 3D secure check. Please check with PayBox if you are allowed to deactivate the 3D secure check. This setting has only an effect when you use the payment page.","Anhand dieser Einstellung können Sie die 3D Secure Überprüfung aktivieren bzw. deaktivieren. Bitte fragen Sie bei Paybox an, ob sie 3D Secure deaktivieren dürfen. Diese Einstellung ist nur relevant, wenn Sie Payment Page benutzen."
"This status is set, when the payment was successfull and it is authorized.","Dieser Status wird vergeben, wenn eine Zahlung erfolgreich war und autorisiert wurde."
"This transaction is already closed for further captures.","Diese Transaktion ist bereits geschlossen und es können keine weiteren Buchungen vorgenommen werden."
"This transaction is already closed for further refunds.","Diese Transaktion wurde für weitere Gutschriften bereits geschlossen."
"This transaction no longer exists.","Diese Transaktion existiert nicht mehr."
"Timeout for pending payments (min)","Timeout für ausstehende Zahlungen (Min.)"
"Titel","Titel"
"Title","Titel"
"Title of the payment method","Name der Zahlungsmethode"
"Total","Gesamtbetrag"
"Total Shipping Charges","Total Lieferkosten"
"Total amount","Gesamtbetrag"
"Total cost of the credit as annual percentage.","Gesamtkosten des Kredits als jährlicher Prozentsatz."
"Track order history","Getätigte Bestellungen verfolgen"
"Transaction","Transaktion"
"Transaction Authorized","Transaktion autorisiert"
"Transaction Cancelled","Transaktion storniert"
"Transaction Captured","Transaktion verbucht"
"Transaction History","Transaktionsverlauf"
"Transaction Id","Transaktions-ID"
"Transaction Paid","Transaktion bezahlt"
"Transaction Uncertain","Transaktion ist unsicher"
"Transaction Updates","Transaktionsupdates"
"Transaction cancelled successfully","Die Transaktion wurde erfolgreich abgebrochen."
"Transaction captured successfully","Die Transaktoin wurde erfolgreich verbucht."
"Transaction history","Transaktionsübersicht"
"Transaction was authorized over the deferred authorization mechanism.","Die Transaktion wurde über den verzägerten Autorisierungsmechanismus autorisiert."
"Transactions","Transaktionen"
"Transfer","Banküberweisung"
"Unable to save the invoice.","Die Rechnung konnte nicht gespeichert werden."
"Uncertain Status","Unsicherer Status"
"Uncertain transactions","Unsichere Transaktionen"
"Update","Update"
"Update Qty's","Anzahl anpassen"
"Update interval for payments","Update Intervall für Zahlungen"
"Use Base Currency","Basiswährung verwenden"
"Use Default","Standardeinstellungen benutzen"
"Use base currency","Zahlung in der Standard Währung setteln."
"VISA","VISA"
"Validation","Validierung"
"Value for '@name' must be set.","Der Wert für @name muss gesetzt werden."
"Version","Version"
"View","Anzeigen"
"Wait On Success Page","Auf der Success Seite warten"
"We cannot get the transaction instance.","Wir können keine Transaktions-Instanz laden."
"We experienced a problem with your sellxed payment extension. For more information, please visit the configuration page of the plugin.","Es gibt ein Problem mit Ihrem Zahlungsmodul. Für mehr Informationen, besuchen Sie für die Informationsseite des Plugins."
"When the store is not available (network outage, server failure or any other outage), when the feedback of Concardis PayEngine 3.0 is sent, then the transaction state is not updated. Hence no order confirmation e-mail is sent and the order is not in the paid state. By activating the transaction update, such transactions can be authorized later over direct link. To use this feature the update service must be activated and the API username and the API password must be set.","Wenn der Shop nicht erreichbar ist (Netzwerk- Serverausfall o.ä.) während das Feedback von  Concardis PayEngine 3.0 gesendet wird, wird der Transaktionsstatus nicht aktualisiert. Daher wird keine Bestätigungsmail für die Bestellung verwand und die Bestellung hat noch nicht den Status 'bezahlt'. Indem Sie Transaktionsupdates aktivieren, können solche Transaktionen über einen direkten Link aktualisiert werden. Um diesen Service zu nutzen, muss der Update Service aktiviert sein und der API Nutzername sowie das Passwort müssen festgelegt sein."
"When using an external checkout, the customer can either be asked to chose an option to authenticate (as guest, register or login) or he can always be checked out as guest. For the second option to work, guest checkout has to be enabled in magento.","Beim externen Checkout mit Adressübergabe hat der Kunde nach der Rückkehr aus dem Wallet die Möglichkeit sich einzuloggen (als gast, ein Konto erstellen oder mit den bestehenden Kundenkonto einloggen). Alternativ können Sie den Kunden zwingen immer als Gastkunde auszuchecken. In diesem Fall muss aber in Magento Gast Checkout als Option aktiviert sein."
"Wide","Breit"
"Within the order process, we will be sending your data to RatePAY GmbH for the purpose of verifying your identity and creditworthiness as well as the performance of the contract. The <a href='//ratepay.com/legal/' title='Legal - RatePAY' target='_blank'>Additional General Terms and Conditions and Data Protection Notice of RatePAY GmbH</a> apply.","Im Rahmen des Bestellvorgangs übermitteln wir Ihre Daten zum Zwecke der Identitäts- und Bonitätsprüfung sowie der Vertragsabwicklung an RATEPAY. Es gelten die <a href='//ratepay.com/legal' title='Legal - RatePAY' target='_blank'>zusätzlichen AGB für RATEPAY-Zahlungsarten und die Datenschutzhinweise der RatePAY GmbH</a> für SEPA-Lastschrift."
"Year","Jahr"
"Yes","Ja"
"Yes, use images for the brand selection.","Logos für die Auswahl des Kartenanbieters benutzen."
"You can allow the customers to manage/delete their aliases in the their account.","Sie können Ihren Kunden gestatten ihre Aliasse auf ihrem Konto zu verwalten/löschen."
"You can decide on the order status new orders should have after they are processed successfully.","Definieren Sie den Bestellstatus für Bestellungen, welche erfolgreich verarbeitet wurden."
"You can decide on the order status new orders should have that have an uncertain authorization status.","Definieren Sie den Bestellstatus für Bestellungen mit einer unisicheren Autorisierung."
"You can specify the order status for new orders that have an uncertain authorisation status.","Sie können den Status von Bestellungen mit unsicherem Autorisationsstatus definieren."
"You can specify the order status for orders that are captured either directly after the order or manually in the backend.","Sie können den Status von Bestellungen definieren, die entwerder direkt nach der Bestellung oder manuell im Backend verbucht werden."
"You can specify the order status when an order is cancelled.","Sie können den Status von abgebrochenen Bestellungen definieren."
"You created the order.","Sie haben die Bestellung aufgegeben."
"You have no stored aliases.","Sie haben keine gespeicherten Aliasse."
"You have to agree to the RatePay agreement.","Sie müssen die RatePay AGb akzeptieren."
"You have to enter a card number.","Sie müssen eine Kartennummer eingeben"
"You have to enter bank code of your bank.","Sie müssen den Bankcode Ihrer Bank eingeben"
"You have to enter commercial number of you company.","Sie müssen die Handelsregisternummer Ihrer Firma eingeben"
"You have to enter either the CVC code or the issue number of your card.","Bitte geben Sie entweder den CVC oder die Ausgabenummer Ihrer Karte ein."
"You have to enter sales tax number of you company.","Bitte tragen Sie hier die Steuernummer Ihrer Firma ein."
"You have to enter sales tax number of your company.","Bitte geben Sie die Umsatzsteuer-Identifikationsnummer ein."
"You have to enter the BIC.","Sie müssen die BIC eingeben."
"You have to enter the CVC code from your card.","Sie müssen den CVC Ihrer Karte eingeben."
"You have to enter the IBAN.","Sie müssen die IBAN Ihres Bankkontos eingeben"
"You have to enter the account holder name on the card.","Sie müssen den Kontoinhaber angeben."
"You have to enter the account holder name.","Bitte geben Sie den Kontoinhaber an."
"You have to enter the card holder name on the card.","Bitte geben Sie den Namen des Karteninhabers ein"
"You have to enter the location of your bank.","Bitte geben Sie den Standort Ihrer Bank ein."
"You have to enter the name of the account owner.","Bitte geben Sie den Namen des Kontoinhabers an."
"You have to enter the name of your bank.","Sie müssen den Namen Ihrer Bank eingeben."
"You have to enter your IBAN Number.","Sie müssen die IBAN Ihres Bankkontos eingeben"
"You have to enter your bank account number.","Bitte geben Sie die IBAN Ihres Bankkontos ein."
"You have to enter your social security number.","Bitte geben Sie hier Ihre Sozialversicherungsnummer ein."
"You may choose one of the cards you paid before on this site.","Sie können aus einer der bereits gespeicherten Karten auswählen."
"You may choose one of your stored payment details.","Wählen Sie eine der gespeicherten Zahlungsinformationen zur Zahlung."
"You will be redirect to the order confirmation page.","Sie werden zur Bestätigungsseite weitergeleitet"
"Your billing and shipping addresses must be the same when using RatePay.","Wenn Sie RatePay erwenden müssen die Zahlungs- und Rechnungsadresse identisch sein."
"Your browser does not allow the execution of JavaScript. Please activate JavaScript in your browser and reload this page.","Ihr Browser hat keine JavaScript Unterstützung. Bitte aktivieren Sie JavaScript oder wechseln Sie den Browser."
"Your checkout session expired.","Ihre Sitzung ist abgelaufen."
"PayEngine3Cw Aliases","PayEngine3Cw Alias"
"____paymentMethodName____","____paymentMethodName____"
"Concardis PayEngine 3.0","Concardis PayEngine 3.0"
"Concardis PayEngine 3.0 Aliases","Concardis PayEngine 3.0 Aliasse"
"Concardis PayEngine 3.0 Billing Address ID","Concardis PayEngine 3.0 Billing Address ID"
"Concardis PayEngine 3.0 Customer ID","Concardis PayEngine 3.0 Customer ID"
"Concardis PayEngine 3.0 Error","Concardis PayEngine 3.0 Fehler"
"Concardis PayEngine 3.0 Order ID","Concardis PayEngine 3.0 Order ID"
"Concardis PayEngine 3.0 Parameters","Concardis PayEngine 3.0 Parameter"
"Concardis PayEngine 3.0 Payment Instrument ID","Concardis PayEngine 3.0 Payment Instrument ID"
"Concardis PayEngine 3.0 Persona ID","Concardis PayEngine 3.0 Persona ID"
"Concardis PayEngine 3.0 Refund Items","Concardis PayEngine 3.0 Gutschriftsartikel"
"Concardis PayEngine 3.0 Section","Concardis PayEngine 3.0 Sektion"
"Concardis PayEngine 3.0 Shipping Address ID","Concardis PayEngine 3.0 Shipping Address ID"
"Concardis PayEngine 3.0 Transactions","Concardis PayEngine 3.0 Transaktion"
"Concardis PayEngine 3.0: Alias Management","Concardis PayEngine 3.0: Alias Management"
"customweb ltd","customweb GmbH"
"no","Nein"
"or","oder"
"yes","Ja"
"{n} monthly rates each","{n} monatliche Raten je"
"{n}. monthly rate","{n}. monatliche Rate"
