"* Required Fields","* Champs requis"
"-- No Status Change --","-- Pas de changement de statut --"
"1.-{n-1}. monthly rate each","1.-{n-1}. monthly rate each"
"3D Secure","3D Secure"
"3D Secure Authentication","Authentification 3D Secure"
"3D Secure failed","3D Secure a échoué."
"3D Secure sucess","3D Secure avec succès"
"@label (Live)","@label (Live)"
"@label (Test)","@label (Test)"
"A authorized transaction cannot be authorized again.","Une transaction autorisée ne peut pas être autorisée à nouveau."
"A authorized transaction cannot be marked as failed.","Une transaction autorisée ne peut pas être marquée comme échouée"
"A cancelled transaction cannot be authorized.","Une transaction annulée ne peut pas être autorisée."
"A cancelled transaction cannot be cancelled again.","Une transaction annulée ne peut pas être annulée à nouveau."
"A cancelled transaction cannot be captured.","Une transaction annulée ne peut pas être comptabilisée"
"A cancelled transaction cannot be marked as failed.","Une transaction annulée ne peut pas être marquée comme échouée."
"A cancelled transaction cannot be refunded.","Une autorisation annulée ne peut pas être remboursée."
"A captured transaction cannot be authorized.","Une transaction comptabilisée ne peut pas être autorisée."
"A captured transaction cannot be cancelled.","Une transaction comptabilisée ne peut pas être annulée."
"A captured transaction cannot be marked as failed.","Une transaction comptabilisée ne peut pas être marquée comme échouée"
"A failed authorization cannot be authorized.","Une transaction échouée ne peut pas être autorisée."
"A payment method may not available for customers from different counties. You can decide when this availability check should happen. We recommend to set it during authorization","Certains modes de paiement ne sont pas disponible pour des pays spécifiques. Définissez l'instant dans lequel vous voulez que le contrôle de disponibilité soit fait. Nous recommendons séléctionner 'Pendant l'autorisation'."
"A refund was added over !amount.","Un remboursement de !amount a été ajouté."
"A technical error occured.","Une erreur technique s'est produite."
"A transaction may be uncertain, when the payment is not guaranteed. For example in case the credit card does not participate in the 3D procedure.","Une transaction peut être incertaine si le paiement n'est pas garanti. Par example, si la carte de crédit ne fait pas partie du processus 3D secure."
"API Private Key (Live)","API Private Key (Live)"
"API Private Key (Test)","API Private Key (Test)"
"About","À propos de nous"
"Account Holder","Account Holder"
"Account Holder Name","Nom du titulaire du compte"
"Account owner name.","Nom du titulaire du compte"
"Action","Action"
"Actions","Actions"
"Activate","Activé"
"Active","Active"
"Additional Information","Informations complémentaires"
"Address equality","Address equality"
"Adjust Qty","Ajuster la quantité"
"Adjustment Discount","Ajustement des rabais"
"Adjustment Fee","Frais d'ajustement"
"After payment selection","Après la sélection du mode de paiement"
"Ajax authorization not supported.","Autorisation Ajax pas possible."
"Alias","Alias"
"Alias For Display","Alias pour l'affichage"
"All Customers","Tous les clients"
"Allowed Currencies","Devises autorisés"
"Allowed currencies for this payment method","Devises autorisées pour cette méthode de paiement"
"Already registered?","Déjà inscrit?"
"Always Checkout as Guest","Toujours commander en tant qu'invité"
"American Express","American Express"
"Amount","Montant"
"Amount Incl. Tax","Montant Incl. Impôt"
"Annual percentage rate","Taux annuel en pourcentage"
"Are you sure you want to cancel this order?","Êtes-vous sûr d'annuler cette commande?"
"Author","Auteur"
"Authorization","Authorization"
"Authorization Amount","Montant de l'autorisation"
"Authorization Failed","Autorisation a échouée"
"Authorization Method","Mode d'autorisation"
"Authorization is uncertain.","Autorisation est incertaine"
"Authorized Status","Statut autorisé"
"Automatic confirmation delivery","Automatic confirmation delivery"
"Await Notification","Attendre la notification"
"Awaiting confirmation","En attente de confirmation"
"BIC","BIC"
"BIC (Optional)","BIC (Optional)"
"Bad signature format.","Format de signature incorrect"
"Bank Location","Lieu de la banque"
"Bank Name","Nom de la banque"
"Bank account number","Número du compte bancaire"
"Bank code number","Numéro de code banquaire"
"Before payment selection","Avant la sélection du mode de paiement"
"Billing Address","Adresse de facturation"
"Billing Information","Information de facturation"
"Billing address","Billing address"
"Brand Name","Nom de marque"
"By setting the capturing the reservation can be captured directly after the order or later manually over the backend of the store.","En configurant la capture, les réservations peuvent être capturés directement après la commande ou plus tard manuellement depuis le backend du magasin."
"CVC Code","Code de sécurité (CVC)"
"Calculate rate","Calculate rate"
"Calculate rates","Calculer les taux"
"Cancel","Cancel"
"Cancel ID","Cancel ID"
"Cancel pending orders when out of stock","Annuler les commandes en attentes si l'article n'est pas en stock"
"Cancel status","Statut d'annulation"
"Canceled PayEngine3Cw","PayEngine3Cw Annulé"
"Canceling of this payment not possible!","L'annulation de ce paiement n'est pas possible!"
"Cancelled Status","Statut Annulé"
"Cannot update item quantity.","Vous ne pouvez pas mettre à jour la quantité de l'article."
"Capture Amount","Montant de comptabilisation"
"Capture ID","ID de comptabilisation"
"Capture amount","Montant comptabilisé"
"Capture information","Information de comptabilisation"
"Capture status","Statut de combtabilisation"
"Capture: Don't Close","Comptabilisation: Ne pas fermer"
"Captured Amount","Montant comptabilisé"
"Captured Status","Statut de capture"
"Captures","Comptabilisations"
"Captures & Refunds","Captures et Remboursements"
"Capturing","Comptabiliser"
"Card Expiration","Date d'expiration de la carte"
"Card Holder Name","Titulaire de la carte"
"Card Number","Numéro de la carte"
"Carrier Title","Titre du transporteur"
"Check out faster","Commander plus vite"
"Check to activate the external checkout.","Marquer cette option pour activer la vérification externe."
"Checkout","Checkout"
"Checkout as Guest","Checkout en tant qu'invité"
"Checkout as a Guest or Register","Passer à la caisse en tant que client ou créer un compte"
"Checkout as a new customer","Commander en tant que nouveau client"
"Checkout using your account","Commander en utilisant votre compte"
"Choose settlement after order in case you want an invoice to be created with your oder. The state of the invoice will set according to your capture status.","Séléctionnez 'Génération après la commande' si vous voulez qu'une facture soit créée pour la commande. Le statut de la facture sera celui du statut de la comptabilisation."
"Company Commercial Number","Société Nombre de commerce"
"Company Name","Company Name"
"Concrete amount of money resulting from the interest.","Concrete amount of money resulting from the interest."
"Confirm Password","Confirmer le mot de passe"
"Container Element","Container Element"
"Continue","Continuer"
"Could not convert object of type '!type' to string.","Impossible de convertir objet de type '!type' à string."
"Could not find a brand for the given card number.","Impossible de trouver une marque pour le numéro de carte donnée."
"Could not find pressed button.","Impossible de trouver le bouton pressé."
"Could not find template file at default location '!location'.","Impossible de trouver le fichier template dans le répertoire par défaut '!location'."
"Could not find the payment method !paymentMethodName.","Impossible de trouver le mode de paiement !paymentMethodName."
"Could not load layout from URL !url. Reason: !reason","Impossible de charger le template à partir de l'URL !url. Raison: !reason"
"Create Account","Créer un compte"
"Create New Order - Payment","Créer nouvelle commande - Paiement"
"Create a recurring payment, with an existing alias is not supported","Création d'un paiement récurrent avec un alias existant n'est pas possible."
"Creating an account has many benefits:","La création d'un compte a de nombreux avantages:"
"Creation Date","Date de création"
"Credit Card Brands","Types de cartes de crédit"
"Credit Memo History","Histoire de note de crédit"
"Credit Memo Totals","Totaux note de crédit"
"Credit memo's total must be positive.","Total de note de crédit doit être positive."
"Creditor ID","Creditor ID"
"Currency","Monnaie"
"Current Configuration Scope:","Champ d'application actuel de la configuration:"
"Customer Account","Compte client"
"Customer Alias Management","Gestion des Alias du client"
"Customer did not enter a date of birth.","Le client n'a pas entré de date de naissance."
"Customer successfully returned from PayEngine3Cw","Le client est retourné de PayEngine3Cw avec succès"
"Customer successfully returned from Concardis PayEngine 3.0","Client retourné avec succès de la page de paiement de PayEngine3Cw."
"Customer sucessfully returned from the PayEngine3Cw payment page.","Client retourné avec succès de la page de paiement de PayEngine3Cw."
"Customers","Clients"
"Customweb","Customweb"
"Date","Date"
"Date of Birth","Date de naissance"
"Day","Jour"
"Deactivate","Désactiver"
"Dear customer we have received your billing and shipping information. In order to finish your order please create an account below or checkout as guest.","Cher client, nous avons reçu votre information de facturation et de livraison. Pour terminer votre commande veuillez créer un compte ci-dessous ou continuez en tant qu'invité."
"Dear customer, it appears to us that your payment was successful, but we are still waiting for confirmation. You can wait on this page and we will redirect you after we received the confirmation. Or you can close this window and we will send out an order confirmation email.","Cher client, il nous semble que votre paiement a été un succès, mais nous sommes toujours en attente de la confirmation. Vous pouvez attendre sur cette page et vous serez redirigé après que nous ayons reçu la confirmation. Vous pouvez aussi fermer cette fenêtre et nous vous enverrons un e-mail de confirmation de la commande."
"Debit","Debit"
"Debit interest rate p.a. (bound)","Debit interest rate p.a. (bound)"
"Default Config","Configuration par défaut"
"Deferred","Reporté"
"Deferred (authorization)","Différé (autorisation)"
"Deferred capturing","Comptabilisation retardée"
"Deferred settlement","Génération retardée"
"Define a maximal order total for this checkout to be available.","Définir un total de commande maximale pour que ce checkout soit disponible."
"Define a minimal order total for this checkout to be available.","Définir un total de commande minimale pour que ce checkout soit disponible."
"Delayed","Differé"
"Delete","Effacer"
"Delivery address","Delivery address"
"Description","Description"
"Device tracking","Device tracking"
"Device tracking minimum amount","Device tracking minimum amount"
"Diners Club","Diners Club"
"Direct Debits","Direct Debits"
"Direct E-Banking","Sofort Banking"
"Direct capture after order","Directement après la commande"
"Directly after order","Directement après la commande"
"Directly after order (sale)","Directement après la commande"
"Disabled","Désactivé"
"Discount","Rabais"
"Discount Amount","Montant du rabais"
"Don't change order status","Ne pas modifier le statut de la commande"
"Duration","Duration"
"During authorization","Pendant l'autorisation"
"Edit","Modifier"
"Edit Invoice %s","Éditer la facture %s"
"Effective annual rate","Effective annual rate"
"Email Address","E-mail"
"Empty version number field name","Nom de champ de numéro de version vide"
"Enable or disable logging.","Activer ou désactiver le logging."
"Enable the payment method","Activer le mode de paiement"
"Enabled","Activé"
"Endpoint Instalment only supports payment method RatePay Isntalments","Le paiement par acomptes provisionnels ne prend en charge que la méthode de paiement TauxPaiement par acomptes provisionnels"
"Enter the date on which your card expires.","Veuillez sélectionner la date d’expiration"
"Error with the length of the validation date.","Erreur avec la longueur de la date de validation."
"Excl. Tax","Excl. impôt"
"External Checkout","Vérification externe"
"External Checkout: Guest Checkout","Validation externe : Guest Checkout"
"Failed","Raté"
"Failed payment authorization.","L'autorisation a été refusée."
"Fee which applies to all installment plans, applied once per order.","Fee which applies to all installment plans, applied once per order."
"Female","Femelle"
"Figure !number:","Image !number:"
"Forgot Your Password?","Vous avez oublié votre mot de passe?"
"Forgot your password?","Mot de passe oublié?"
"Gender","Sexe"
"Get Update","Mettre à jour"
"Height of the iframe, in 'em' units.","Height of the iframe, in 'em' units."
"Here you can insert an order prefix. The prefix allows you to change the order number that is transmitted to Authorize.net. The prefix must contain the tag {id}. It will then be replaced by the order number (e.g. name_{id}).","Ici vous pouvez insérer un préfixe de la commande. Le préfixe vous permet de changer le numéro de commande qui est transmis à Concardis PayEngine 3.0. Le préfixe doit contenir le tag {id}. Il sera ensuite remplacé par le numéro de commande (par exemple name-{id}). Assurez-vous de ne pas utiliser '_'."
"Here you can set a schema for the reference transmitted to identify the payment. The placeholder {id} will be replaced using the transaction id. Will default to {id} if left empty.","Ici, vous pouvez définir un schéma pour la référence transmise afin d'identifier le paiement. Le caractère générique {id} sera remplacé par l'identifiant de transaction. La valeur par défaut est {id} si elle est laissée vide."
"Hide","Masquer"
"Hide rate calculations","Hide rate calculations"
"I agree to the <a href='@url' target='_blank'>Terms and Conditions, as well as the Privacy Agreement of RatePay</a>.","J'accepte les termes et conditions <a href='@url' target='_blank'>Terms and Conditions, ainsi que l'accord de confidentialité de RatePay</a>."
"I agree to the displayed mandate and linked conditions.","I agree to the displayed mandate and linked conditions."
"I hereby authorise RatePAY GmbH, Franklinstr. 28-29, 10587 Berlin, Germany, to send instructions to my credit institute to debit all payments arising from this contract to the above-stated bank account, and authorise my credit institute to debit my account with all payments arising from this contract in accordance with the instructions from RatePAY GmbH.<br/>Note:<br/>Upon the conclusion of the contract, I will receive the mandate reference of RatePAY. I may request a refund of the debited amount within eight weeks after the debit date. The Terms & Conditions of my credit institute apply.","I hereby authorise RatePAY GmbH, Franklinstr. 28-29, 10587 Berlin, Germany, to send instructions to my credit institute to debit all payments arising from this contract to the above-stated bank account, and authorise my credit institute to debit my account with all payments arising from this contract in accordance with the instructions from RatePAY GmbH.<br/>Note:<br/>Upon the conclusion of the contract, I will receive the mandate reference of RatePAY. I may request a refund of the debited amount within eight weeks after the debit date. The Terms & Conditions of my credit institute apply."
"IBAN","IBAN"
"IBAN number","Número du compte bancaire"
"Ich willige hiermit in die Weiterleitung meiner Daten an !company, gemäß <a target='_blank' href='!link'>RatePAY-Datenschutzerklärung</a> ein und ermächtige diese, mit diesem Kaufvertrag in Zusammenhang stehende Zahlungen von meinem o.a. Konto mittels Lastschrift einzuziehen. Zugleich weise ich mein Kreditinstitut an, die von RatePAY GmbH auf mein Konto gezogenen Lastschriften einzulösen.<br/>Hinweis:<br/> Nach Zustandekommen des Vertrags wird mir die Mandatsreferenz von RatePAY mitgeteilt. Ich kann innerhalb von acht Wochen, beginnend mit dem Belastungsdatum, die Erstattung des belasteten Betrages verlangen. Es gelten dabei die mit meinem Kreditinstitut vereinbarten Bedingungen.","Ich willige hiermit in die Weiterleitung meiner Daten an !company, gemäß <a target='_blank' href='!link'>RatePAY-Datenschutzerklärung</a> ein und ermächtige diese, mit diesem Kaufvertrag in Zusammenhang stehende Zahlungen von meinem o.a. Konto mittels Lastschrift einzuziehen. Zugleich weise ich mein Kreditinstitut an, die von RatePAY GmbH auf mein Konto gezogenen Lastschriften einzulösen.<br/>Hinweis:<br/> Nach Zustandekommen des Vertrags wird mir die Mandatsreferenz von RatePAY mitgeteilt. Ich kann innerhalb von acht Wochen, beginnend mit dem Belastungsdatum, die Erstattung des belasteten Betrages verlangen. Es gelten dabei die mit meinem Kreditinstitut vereinbarten Bedingungen."
"If a product is in stock only once and the payment of the customer ordering this product fails or is aborted, it won't be available until the order is canceled (see timeout option below). Enable this setting to cancel the customer's pending orders when he returns to the cart page and a product is not available anymore.","S'il y a qu'une seule pièce de l'article en stock et le paiement du client échoue ou est annulé, cette article ne sera pas disponible jusqu'à que la commande soit annulée (option 'timeout' en bas). Activez cette option si vous voulez que l'article ne soit pas réservé. La commande sera donc annulée immédiatement."
"If a product is in stock only once and the payment of the customer ordering this product fails or is aborted, it won't be available until the order is canceled (see timeout option below). Enable this setting to cancel the customer's pending orders when he returns to the cart page and a product is not available anymore. Be careful though: If you enable this option, there is a chance that payments are made with the corresponding order being already canceled.","Si un produit est en stock qu'une seule fois et le paiement de la commande du client ce produit échoue ou est abandonnée, il ne sera pas disponible jusqu'à ce que la commande est annulée (voir option de temporisation ci-dessous). Activez ce paramètre pour annuler les commandes en attente du client quand il revient à la page de panier et un produit ne sont plus disponible. Attention: Si vous activez cette option, il ya une chance que les paiements sont faits avec la commande correspondante étant déjà annulé."
"If it is not applicable leave the field empty.","Si ce n'est pas applicable veuillez laisser le champ vide."
"If the status is 'Pending' it is unclear whether the transaction will be cancelled successfully.","Si l'état est 'En attente', il est difficile de savoir si la transaction sera annulée avec succès."
"If the status is 'Pending' it is unclear whether the transaction will be captured successfully.","Si l'état est 'En attente', il est difficile de savoir si la transaction sera capturé avec succès."
"If the status is 'Pending' it is unclear whether the transaction will be refunded successfully.","Si l'état est 'En attente', il est difficile de savoir si l'opération sera remboursé avec succès."
"If the test mode is selected the test account is used. Otherwise the configured account is used.","Si le mode de test est sélectionné, le compte test sera utilisé. Sinon, le compte configuré sera utilisé."
"If you have any issues with the module please feel free to contact us. See our <a href='https://www.sellxed.com/en/support' target='_blank'>support page</a> for more information.","Si vous avez des problèmes avec le module, n'hésitez pas à nous contacter. Consultez notre <a href='https://www.sellxed.com/en/support' target='_blank'>page d'assistance</a> pour plus d'informations."
"If you select this checkbox, the payment will be captured at the PSP and you can not add additional captures.","En cliquant sur la case, la commande sera capturée chez le prestataire de services de paiement. Il ne sera pas possible de faire d’autres captures."
"If you would like to use recurring payments, you need our magento module ""Customweb Subscription"". For further information go to <a href=""http://www.sellxed.com/shop/"" target=""_blank"">sellxed.com</a>.","Si vous souhaitez utiliser les paiements récurrents, vous avez besoin de notre module de Magento 'Customweb Subscription'. Pour plus d'informations, veuillez aller sur <a href=""http://www.sellxed.com/shop/"" target=""_blank"">sellxed.com</a>."
"Iframe height","Iframe height"
"Image Brand Selection","Image Brand Selection"
"In some cases it may take a few seconds until the transaction is successfully authorized. When this option is enabled, the notification is awaited.","Dans certains cas, il peut prendre quelques secondes jusqu'à ce que la transaction soit autorisée avec succès. Lorsque cette option est activée, la boutique attendra la notification quelques secondes."
"In some cases the transaction requires a few seconds until it is successfully authorized. When this option is enabled the user is hold until the transaction reach the final state. If this is not the case in 30 seconds a message is shown to the customer, which explains the situation.","Dans certains cas, l'opération nécessite quelques secondes jusqu'à ce qu'elle est autorisée avec succès. Lorsque cette option est activée l'utilisateur est en attente jusqu'à ce que celle-ci atteigne l'état final. Si ce n'est pas le cas en 30 secondes, un message s'affiche pour le client, qui explique la situation."
"Inactive","Inactif"
"Incl. Tax","Incl. TVA"
"Information","Information"
"Inline (Default)","Inline (Default)"
"Interest amount","Montant des intérêts"
"Interest rate","Taux d'intérêt"
"Invalid login or password.","Nom d'utilisateur inexistant ou mauvais mot de passe."
"Invoice Items","Eléments de la facture"
"Invoice Settlement","Le règlement des factures"
"Invoice Totals","Totaux facture"
"Invoice settlement","Génération de la facture"
"Invoice was created successfully","La facture a été créée avec succès"
"Invoices","Factures"
"Issue Number","Numéro"
"It is not possible to checkout in your country.","Paiements de ce pays ne seront pas acceptés."
"Item","Article"
"Items","Articles"
"Items Refunded","Articles Remboursé"
"JCB","JCB"
"JSON could not be decoded.","JSON n'a pas pu être décodé"
"Last rate","Dernier taux"
"Live","Live"
"Live HMAC Key","Live HMAC Key"
"Live Identifier (PBX_IDENTIFIANT)","Live identifiant (PBX_IDENTIFIANT)"
"Live Mode","Live Mode"
"Live Password","Mot de passe live"
"Live Rang (PBX_RANG)","Live Rang (PBX_RANG)"
"Live Site ID (PBX_SITE)","Live Site ID (PBX_SITE)"
"Loading...","Chargement....."
"Logging","Logging"
"Login","Login"
"Login & Register","Login & Inscription"
"Login and password are required.","Login et mot de passe sont requis."
"Mail order/telephone order authorization","Authentification par e-mail / téléphone"
"Male","Mâle"
"Manage Stores","Gérer Magasins"
"Manage Concardis PayEngine 3.0 Aliases","Gérer les Alias Concardis PayEngine 3.0"
"MasterCard","MasterCard"
"Maximum Order Total","Montant de commande maximal"
"May be different","May be different"
"Merchant ID","Merchant ID"
"Merchant ID (Live)","Merchant ID (Live)"
"Merchant ID (Test)","Merchant ID (Test)"
"Merchant ID for the test environment, provided by Concardis PayEngine 3.0.","Merchant ID pour l'environnement de test, fourni par ____paymentServiceServiceProviderName____."
"Merchant Password","Mot de passe marchand"
"Merchant Password (Live)","Merchant Password (Live)"
"Merchant Password (Test)","Merchant Password (Test)"
"Merchant Password for the test environment, provided by Concardis PayEngine 3.0.","Merchant ID pour l'environnement de live, fourni par ____paymentServiceServiceProviderName____."
"Message","Message"
"Method Title","Titre de la méthode"
"Minimum Order Total","Montant de commande minimal"
"Minimum amount (below)","Minimum amount (below)"
"Minimum cart amount which must be reached for device tracking to be used, when configured to only run above certain amounts.","Minimum cart amount which must be reached for device tracking to be used, when configured to only run above certain amounts."
"Month","Mois"
"Monthly debit interest","Intérêts débiteurs mensuels"
"Monthly rate","Tarif mensuel"
"Must be the same","Must be the same"
"My Concardis PayEngine 3.0 Aliases","Mes Alias Concardis PayEngine 3.0"
"New Order","Nouvelle commande"
"New Order Status","Nouvel statut de commande"
"New card","Nouvelle carte"
"Next Update Execution Date","Prochaine mise à jour"
"No","Non"
"No Items","Pas d'objet"
"No additional payment information available.","Aucune information de paiement supplémentaire est disponible."
"No authorization method found for payment method !method.","Aucun mode d'autorisation trouvé pour le mode de paiement !method."
"No button returned.","Pas de bouton retourné."
"No refund possible.","Remboursement n'est pas possible"
"No shipping method needed.","Aucun mode de livraison nécessaire."
"No, use the dropdown.","Utiliser le menu déroulant"
"Only an authorized transaction can be marked as finally declined.","Seulement une transaction autorisée peut être marquée comme finalement déclinée."
"Only an uncertain transaction can be marked as finally declined.","Seulement une transaction incertaine peut être marquée comme déclinée."
"Only authorized transaction can be cancelled.","Seulement les transactions autorisées peuvent être annulées."
"Only authorized transaction can be captured.","Seulement les transactions autorisées peuvent être comptabilisées."
"Only authorized transaction can be refunded.","Seulement les transactions autorisées peuvent être remboursées"
"Only captured transaction can be refunded.","Seulement les transaction comptabilisées peuvent être remboursées."
"Only on captured transaction the flag customer refusing to pay can be set.","Il est seulement possible de définir un indicateur pour les clients qui n'ont pas payé sur les transactions capturées."
"Operation Mode","Mode de fonctionnement"
"Operation mode","Mode de fonctionnement."
"Operation mode of the shop.","Mode de fonctionnement de la boutique."
"Order #","Numéro de commande"
"Order Grand Total","Total de l'ordre"
"Order ID Schema","Schéma d'identification de commande"
"Order Information","Informations sur la commande"
"Order Prefix","Préfixe pour la commande"
"Order Review","Revue de la commande"
"Order Summary","Résumé de la commande"
"Order Total","Total de la commande"
"Order amount","Montant de la commande"
"Order cancelled, because the customer was too long in the payment process of Concardis PayEngine 3.0.","la commande a été annulée, parce que le client était trop long dans le processus de paiement de Concardis PayEngine 3.0"
"Order was placed using %s","Commande a été passée à l'aide de %s"
"Orders","Commandes"
"Orders with with payments that are longer pending than the specified timeout in minutes are cancelled automatically.","Les commandes où les paiements sont suspendu plus longtemps que le timeout spécifié en minutes seront anullées automatiquement."
"Organization Entity Type","Organization Entity Type"
"Organization Registration ID","Organization Registration ID"
"Organization VAT ID","Organization VAT ID"
"Paid Amount","Montant payé"
"Partial refund not possible. You may retry with the total transaction amount.","Remboursement partiel n'est pas possible. Le montant est supérieur au montant total."
"Password","Mot de passe"
"Password and password confirmation are not equal.","Mot de passe et confirmation du mot de passe ne sont pas pareils."
"Pay with ____paymentMethodName____","Payer avec ____paymentMethodName____"
"Payment","Paiement"
"Payment ID","ID de paiement"
"Payment Id","Payment ID"
"Payment Information","Conditions de vente"
"Payment Method","Mode de paiement"
"Payment captured successfully.","Paiement a réussi à capturer."
"Payment could not be authorized. Cancelling order. Reason :","Le paiement ne peut être autorisée. Commande annulée. Raison:"
"Payment details can be entered after placing the order","Détails de paiement peuvent être insérés après avoir placé la commande"
"Payment from Applicable Countries","Paiement des pays applicables"
"Payment from Specific Countries","Paiement des pays spécifiques"
"Payment from applicable countries","Paiement des pays applicables"
"Payment from specific countries","Paiement des pays spécifiques"
"Payment is pending at PayEngine3Cw","Payment en attente chez PayEngine3Cw"
"Payment method description","Déscription du mode de paiement"
"Payment method is currently not available to due previous decline.","Payment method is currently not available to due previous decline."
"Payment method not available due to previous attempt.","Payment method not available due to previous attempt."
"Payment with %s","Paiement avec %s"
"Payment with Concardis PayEngine 3.0","Paiement avec  Concardis PayEngine 3.0"
"Payments may be updated periodically (interval in minutes). To use this feature you have to setup magento cron","Les paiements peuvent être actualisés automatiquement (interval en minutes) via API (si activé). Pour utiliser ce fonctionnement il faut configurer un cron pour Magento."
"Pending","En attente"
"Pending PayEngine3Cw","PayEngine3Cw En attente"
"Periodic percentage applied to the loan taken.","Periodic percentage applied to the loan taken."
"Personally calculated rates","Personally calculated rates"
"Phone Number","Numéro de téléphone"
"Place Order","Soumettre la commande"
"Please Select...","Veuillez sélectionner......"
"Please agree to all the terms and conditions before placing the order.","Veuillez accepter les conditions générales avant de passer la commande."
"Please agree to the mandate.","Please agree to the mandate."
"Please calculate and select a rate.","Please calculate and select a rate."
"Please check the entered CVC number.","Veuillez vérifier le numéro CVC entré."
"Please check the entered credit card number.","Veuillez vérifier le numéro de carte de crédit indiqué."
"Please check your input.","Veuillez vérifier vos données d'entrée."
"Please choose between the two options","Veuillez choisir entre les deux options suivantes"
"Please enter a phone number.","Veuillez entrer un numéro de téléphone."
"Please enter a valid day of birth.","Veuillez entrer un jour de naissance valide."
"Please enter a valid rate.","Veuillez entrer un taux valide."
"Please enter a valid run time.","Veuillez entrer une durée d'exécution valide."
"Please enter here the Bank Identifier Code (BIC).","Veuillez insérer ici le code d'identification de banque (BIC)."
"Please enter here the CVC code from your card. You find the code on the back of the card.","Insérez le code de sécurité de la carte. Vous le trouverez à l’arrière de la carte"
"Please enter here the International Bank Account Number (IBAN).","Veuillez insérer l'IBAN de votre compte banquaire."
"Please enter here the account holder name on the card.","Veuillez insérer ici le nom du titulaire de la carte."
"Please enter here the account holder name.","Veuillez insérer ici le nom du titulaire du compte."
"Please enter here the account number of your bank account.","Veuillez insérer l'IBAN de votre compte banquaire."
"Please enter here the bank code of your bank.","Veuillez insérer le code de votre banque."
"Please enter here the card holder name on the card.","Veuillez insérer le nom du titulaire de la carte"
"Please enter here the commercial number of your company.","Il faut insérer le numéro de commerce de votre entreprise."
"Please enter here the name of the account owner.","Vous devez insérer le titulaire de compte"
"Please enter here the number on your card.","Veuillez insérer le numéro de carte bancaire."
"Please enter here the sales tax number of your company.","Veuillez insérer ici le numéro de taxe de vente de votre entreprise."
"Please enter here your phone number.","Veuillez entrer ici votre numéro de téléphone."
"Please enter here your social security number.","Veuillez insérer votre numéro de sécurité sociale."
"Please enter the location of your bank.","Vous devez insérer le lieu de votre banque."
"Please enter the name of your bank.","Veuillez insérer ici le nom de votre banque."
"Please enter your BIC.","Veuillez entrer votre BIC."
"Please enter your Bank account for the automatic monthly debit on the 2. of the calender month. If this day falls on a sunday or holiday, the debit is processed on the next workday.","Please enter your Bank account for the automatic monthly debit on the 2. of the calender month. If this day falls on a sunday or holiday, the debit is processed on the next workday."
"Please enter your IBAN number.","Veuillez insérer votre numéro IBAN."
"Please enter your IBAN.","Veuillez entrer votre IBAN."
"Please enter your issue number, if there is no CVC code on your card.","Veuillez insérer votre numéro, s'il n'y a pas de code CVC de votre carte."
"Please enter your phone number.","Veuillez entrer votre numéro de téléphone."
"Please flash or disable the cache storage and retry. If this did not help, change the authorization method to PaymentPage and <a href=""%s"" target=""_blank"">contact sellxed</a>.","Veuillez vider ou désactiver votre cache et essayer à nouveau. Si cela n'aide pas à résoudre le problème, veuillez changer la méthode d'autorisation à Payment Page et <a href=""%s"" target=""_blank"">contactez le support sellxed</a>."
"Please flash or disable the cache storage and retry. If this did not help, change the authorization method to PaymentPage and <a href=""%s"" target=""_blank"">contact sellxed</a>.', 'http://www.sellxed.com/en/support","Veuillez vider votre cache et essayer à nouveau. Si cela n'aide pas à résoudre le problème, changez la méthode d'autorisation à Payment Page et <a href=""%s"" target=""_blank"">contactez le support sellXed.</a>.', 'http://www.sellxed.com/en/support"
"Please flush or disable the cache storage and retry. If this did not help, change the authorization method to PaymentPage and <a href=""%s"" target=""_blank"">contact sellxed</a>.","Veuillez vider ou désactiver le cache et veuillez essayer à nouveau. Si cela n'aide pas à résoudre le problème, changez la méthode d'autorisation sur PaymentPage et contactez <a href=""%s"" target=""_blank"">sellxed</a>."
"Please log in below:","Merci de vous identifier:"
"Please select","Sélectionner s'il vous plaît"
"Please select a shipping method before sending the order.","Sélectionnez un mode de livraison avant d'envoyer la commande."
"Please select invoice or debit type.","Please select invoice or debit type."
"Please select the Bank Identifier Code (BIC) of your bank.","Veuillez sélectionner le code d'identification de votre banque. (BIC)"
"Please select the day of your birth.","Veuillez sélectionner le jour de votre naissance."
"Please select the expiry month on your card.","Sélectionnez le mois de l'expiration de votre carte"
"Please select the expiry year on your card.","Veuillez insérer la date d'expiration de la carte."
"Please select the month of your birth.","Veuillez sélectionner le mois de votre date de naissance."
"Please select the the year of your birth.","Veuillez  sélectionner l'année de votre date de naissance."
"Please select your gender.","Veuillez sélectionner votre sexe."
"Please wait, processing your order...","Veuillez patienter, le traitement de votre commande..."
"Price","Prix"
"Product","Produit"
"Product Name","Nom du produit"
"Purchase Point","Lieu d'achat"
"Purchase amount","Purchase amount"
"Qty","Quantité"
"Rate due each month.","Rate due each month."
"RatePay ID (Live)","RatePay ID (Live)"
"RatePay ID (Test)","Merchant Password (Test)"
"RatePay ID for the live environment, provided by RatePay.","RatePay ID pour l'environnement en direct, fourni par RatePay."
"RatePay ID for the test environment, provided by RatePay.","RatePay ID pour l'environnement de test, fourni par RatePay."
"RatePay Installments","RatePay Installments"
"RatePay generally declines transactions where billing and delivery addresses do not match. Please note that differing addresses require an additional agreement with RatePay.","RatePay generally declines transactions where billing and delivery addresses do not match. Please note that differing addresses require an additional agreement with RatePay."
"Ratepay ID","Ratepay ID"
"Ratepay calculator does not support test mode, and as such the live credentials are used here.","Le calculateur Ratepay ne prend pas en charge le mode test, et en tant que tel, les informations d'identification en temps réel sont utilisées ici."
"Ratepay instalment calculator","Calculateur de taux de paiement des acomptes provisionnels"
"Recurring Payments","Paiements récurrents"
"Refund Amount","Montant du remboursement"
"Refund ID","ID de remboursement"
"Refund amount","Montant du remboursement"
"Refund information","Information de remboursement"
"Refund status","Statut de remboursement"
"Refunded Amount","Montant du remboursement"
"Refunds","Remboursements"
"Register","Inscrivez-vous"
"Register to Create an Account","S'inscrire pour créer un compte"
"Register with us for future convenience:","Inscrivez-vous chez nous pour plus de commodité dans l'avenir:"
"Release Date","Date de sortie"
"Review","Review"
"Rounding Adjustment","Ajustements d'arrondi"
"Row Total","Total de la ligne"
"Run for new customers","Run for new customers"
"SEPA Mandate ID","SEPA Mandate ID"
"SKU:","SKU:"
"Sales","Ventes"
"Sales Tax Number","Numéro de taxe de vente"
"Save","Sauvegarder"
"Saved cards:","Cartes enregistrées:"
"See order and shipping status","Voir le statut de la commande et le statut de livraison"
"Select Brand","Sélectionnez le type de la carte"
"Select Method","Sélectionner la méthode"
"Select the authorization method to use for processing this payment method.","Sélectionnez un mode d'autorisation pour le traitement de ce mode de paiement."
"Select the date of your birth.","Veuillez sélectionner votre date de naissance."
"Select the date on which your card expires.","Séléctionnez la date d'expiration de la carte."
"Selected payment","Paiement sélectionné"
"Send Invoice Email","Envoyer un e-mail avec la facture"
"Send amounts to Concardis PayEngine 3.0 in base currency.","Envoyer des montants à  Concardis PayEngine 3.0 dans la devise de base."
"Send amounts to Concardis PayEngine 3.0 in store's base currency.","Envoyer les montants à Concardis PayEngine 3.0 dans la devise de base de la boutique."
"Send invoice email","Envoyer la facture"
"Send the invoice email automatically after invoice creation.","Envoyer l'email de facture automatiquement après la création de la facture."
"Service charge","Frais de service"
"Set direct capture after order. In this case your authoization will directly be captured on your customer's credit card","Si vous séléctionnez 'Comptabilisation dirècte' le montant sera tout de suite débité de la carte du client. Si vous séléctionnez 'Comptabilisation retardée' le montant sera débité avec un certain temps défini par vous."
"Set the sort order to show the external checkouts.","Définir l'ordre de montrer les checkouts externes."
"Settlement after order","Génération après la commande"
"Shipping & Handling","Livraison"
"Shipping Address","Adresse de livraison"
"Shipping Amount","Montant des frais de livraison"
"Shipping Information","Informations sur la livraison"
"Shipping Method","Mode de livraison"
"Shipping Methods","Modes de livraison"
"Shipping Refund","Remboursement des frais de livraison"
"Shop","Shop"
"Should device tracking be used, and if, when?","Should device tracking be used, and if, when?"
"Should the amount be captured automatically (debit) or should the amount only be reserved (deferred)?","Le montant doit-il être saisi automatiquement (débit) ou le montant doit-il être réservé (différé) ?"
"Should the amount be confirmed automatically or should the amount only be authorised? Please note that the automatic confirmation should only be used for digital goods and similar cases. Once the payment has been made the goods should be immediately available.","Should the amount be confirmed automatically or should the amount only be authorised? Please note that the automatic confirmation should only be used for digital goods and similar cases. Once the payment has been made the goods should be immediately available."
"Should the element which contains the credit cards be rendered inline with other elements, or wide?","Should the element which contains the credit cards be rendered inline with other elements, or wide?"
"Show","Voir"
"Show Account Selection","Voir la sélection de compte"
"Show Further Settings and Information","Afficher plus de paramètres et d'informations"
"Show Image","Afficher Image"
"Show Payment Id","Afficher Payment ID"
"Show rate calculations","Show rate calculations"
"Show the payment id","Présenter l'ID de paiement"
"Show the payment id in the order information","Afficher l'ID de paiement dans le bon de commande"
"Show the payment image","Montrer l'image de paiement"
"Show the payment image on the checkout page","Montrer l'image de paiement sur la page de paiement"
"Sign In","Connexion"
"Signing fee","Signing fee"
"Social Security Number","Numéro de sécurité sociale"
"Sort Order","Ordre De Tri"
"Status","Statut"
"Store the payment details","Enregistrer les détails de paiement"
"Stored payment details","Détails de paiement enregistrées"
"Submit","Soumettre"
"Submit Order","Confirmer la commande"
"Submitting order information...","Soumission des données de la commande..."
"Subtotal","Sous-total"
"Success","Succès"
"Successful","Succès"
"Successful online refund of amount","Remboursement en ligne réussie de montant"
"Successful payment authorization.","Paiement autorisé"
"Successfull online refund of amount","Remboursement en ligne réussie de montant"
"Sum of all cart items, the purchase amount.","Sum of all cart items, the purchase amount."
"Support","Support"
"Tax Amount","Montant de l'impôt"
"Technical issue: This payment methods is not available at the moment.","Problème technique: Cette méthode de paiement n'est pas disponible en ce moment."
"Terms & Conditions and Privacy","Conditions d'utilisation et protection de la vie privée"
"Terms &amp; Conditions and Privacy","Conditions d'utilisation et protection de la vie privée"
"Test","Test"
"Test Mode","Mode test"
"Test Transaction","Transaction de test"
"The API private key can be found in the backend of Concardis PayEngine 3.0 under My Account > API Keys > Private Key.","The API private key can be found in the backend of Concardis PayEngine 3.0 under My Account > API Keys > Private Key."
"The HMAC key as defined in the live backoffice of Concardis PayEngine 3.0. You may need generate the HMAC key. Please take a look at the manual how to do this.","La clé HMAC tel que défini dans le backoffice de production de Concardis PayEngine 3.0. Vous devrez peut-être générer la clé HMAC. Veuillez jeter un coup d'oeil sur le manuel pour savoir comment faire cela."
"The SEPA mandate schema does not contain the tag '!tag'. This tag is required.","Le schéma de mandat SEPA ne contient pas le mot-clé '!tag'. Ce mot-clé est obligatoire."
"The alias could not be found.","L'alias na pas été trouvé."
"The alias has been deleted.","L'alias a été supprimé."
"The alias transaction could not be conductet with error code: !code, and reason: !reason:","La transaction alias n'a pas pu être réalisée. Code d'erreur: !code et raison: !reason"
"The amount could not be verified.","Le montant n'a pas pu être vérifié."
"The amount of !amount is authorized.","Le montant de !amount est autorisé."
"The amount of !amount is captured.","Le montant de !amount est capturé."
"The authorization method '!method' is not supported.","Le mode d'autorisation '!method' n'est pas accepté."
"The authorization was not successful","Erreur d'autorisation. Autorisation sans succès."
"The brand of the credit card is detected by the card number if hidden authorization is used. If the payment page is used, the user has to select the brand. The allowed credit card brands can be restricted by this setting.","Le type de la carte de crédit est détecté par le numéro de la carte si une autorisation cachée est utilisé. Si la page de paiement est utilisé, l'utilisateur doit sélectionner la marque. Les marques de cartes de crédit autorisés peuvent être limitées par ce paramètre."
"The brand with external name '!key' was not present in the map.","La marque avec le nom externe '!key' n'était pas présent dans la carte."
"The brand with key '!key' was not found in the card information map.","La marque '!key' n'a pas été trouvée dans les marques disponibles."
"The cancel failed with status !status.","L'annulation a échoué avec le statut !statut."
"The cancel was submitted succesfully, but the result is still pending.","L'annulation a été soumise avec succès, mais le résultat est toujours en attente."
"The cancellation could not be conducted. Error code: !error.","L'annulation n'a pas pu être réalisée. Code d'erreur: !error."
"The capture amount (!captureAmount) cannot be greater than the authorized amount (!authorizedAmount).","Le montant de comptabilisation (!captureAmount) ne peut pas être supérieur au montant autorisé (!authorizedAmount)."
"The capture failed with status !status.","La capture a échoué avec le statut !statut."
"The capture item with SKU '@sku' has a higher amount (@amountItem) as the original item (@amountOriginal).","L'élément de capture avec SKU '@sku' a un montant plus élevé (@amountItem) comme l'élément d'origine (@amountOriginal)."
"The capture item with SKU '@sku' is not present in the original order.","L'élément de capture avec SKU '@sku' n'est pas présent dans la commande original."
"The capture was submitted succesfully, but the result is still pending.","La capture a été soumise avec succès, mais le résultat est toujours en attente."
"The capturing could not be conducted. Error code: !error.","La capture n'a pas pu être réalisée. Code d'erreur: !error."
"The card brand selection is automatically done depending on the entered card number. If no Javascript is active in the browser, a drop down is shown. In case JavaScript a the brand logos can be shown. Should the brand selection using images?","La sélection de la marque de la carte se fait automatiquement à partir du numéro de carte inséré. Si Javascript n'est pas actif dans le navigateur, un menu déroulant apparaît. Si JavaScript est activé, les logos de marques peuvent être affichées. Afficher les logos au lieu du menu déroulant?"
"The configuration has been saved.","La configuration a été enregistrée."
"The controller class '@controller' does not provide any method with annotation 'Customweb_Payment_Endpoint_Annotation_ExtractionMethod' and valid output.","Le contrôleur '@controller' ne fournit pas de méthode avec l'annotation 'Customweb_Payment_Endpoint_Annotation_ExtractionMethod' et de données valides."
"The customer does not finish the payment with in the timeout.","Le client n'a pas fini le paiement dans le délai imparti."
"The date of birth is required.","La date de naissance doit être indiquée."
"The desired rate corresponds to the given conditions.<br/>The installment calculation may derivate from the installment plan.","The desired rate corresponds to the given conditions.<br/>The installment calculation may derivate from the installment plan."
"The expected format is '!format' where the 'MM' means the month number and 'YY' the year number.","Le format doit être '!format' où le 'MM' veut indiquer le numéro du mois et 'AA' le numéro de l'année."
"The gender is required.","Le sexe doit être spécifié."
"The given CVC code has the wrong length.","Le code CVC inséré a une longeur incorecte."
"The given card number has an invalid check sum.","Le numéro de carte donné a une somme de contrôle invalide."
"The given card number has an invalid length.","Le numéro de carte inséré a une longueur invalide."
"The given hmac key is empty.","La clé HMAC donnée est vide."
"The given identifier is empty.","L'identificateur donné est vide."
"The given password is empty.","Le mot de passe donné est vide."
"The given rang is empty. It must be a nummeric value with length of two.","Le champ 'rang' donné est vide. Il doit être une valeur nummerique avec une longueur de deux."
"The given rang is invalid. It must be a nummeric value with length of two.","Le champ 'rang' n'est pas valide. Il doit être une valeur numérique avec une longueur de deux."
"The given site number is empty.","Le nombre de site donné est vide."
"The identifier as defined in the backoffice of Concardis PayEngine 3.0.","L'identifiant tel que défini dans le backoffice de Concardis PayEngine 3.0."
"The invoice could not be captured and processed by","La facture n'a pas pu être comptabilisée et traitée par Concardis PayEngine 3.0."
"The invoice could not be captured and processed. Reason:","La facture n'a pas pu être capturée et traitée. Raison:"
"The invoice could not be found.","La facture n'a pas été trouvée."
"The invoice has been changed.","La facture a été changé."
"The invoice no longer exists.","La facture n'existe plus."
"The layout does not contain the tag '!layout_tag'.","Le layout ne contient pas le mot-clé '!layout_tag'."
"The mandate reference will be transmitted after order completion.","The mandate reference will be transmitted after order completion."
"The maximum run time in months is:","La durée d'exécution maximale en mois est :"
"The minimum rate per month is:","Le taux minimum par mois est :"
"The minimum run time in months is:","La durée d'exécution minimale en mois est :"
"The next update execution date indicates when the next cron is run to update the transaction state.","La prochaine date d'exécution de mise à jour indique lorsque le cron suivant sera exécuté pour mettre à jour l'état de la transaction."
"The order could not be created.","The order could not be created."
"The order is not fully completed. Please contact the store owner.","Le paiement ne peut être effectué."
"The payment form will be displayed after submitting the order.","La forme de paiement sera affichée après avoir confirmé la commande."
"The payment has been accepted.","Le paiement a été accepté"
"The payment has been denied.","Le paiement a été refusé."
"The payment method !paymentMethodName does not support the currency '!currency'.","La méthode de paiement !paymentMethodName ne supporte pas la devise '!currency'."
"The payment method !paymentMethodName is not available in your country ('!country').","La méthode de paiement !paymentMethodName n'est pas disponible dans votre pays ('!country')."
"The payment process has been cancelled by the customer.","Le processus de paiement a été annulé par le client."
"The payment update has been made.","La mise à jour de paiement a été effectué."
"The provided signature does not match with the one calculated.","La signature fournie ne correspond pas à celle calculée."
"The rang (PBX_RANG) as defined in the live backoffice of Concardis PayEngine 3.0. It must be nummeric value with length two. In the backoffice it may be displayed as a three char value. You must truncate the first digit.","Le champ 'rang' (PBX_RANG) tel que défini dans le backoffice de production de Concardis PayEngine 3.0. Il doit être nummeric avec deux caractères de long. Dans le backoffice il peut être affiché comme trois caractères. Vous devez tronquer le premier chiffre."
"The rate due in the last month.","The rate due in the last month."
"The refund item with SKU '@sku' has a higher amount (@amountItem) as the original item (@amountOriginal).","L'article de remboursement avec SKU '@sku' a un montant plus élevé (@amountItem) comme l'article d'origine (@amountOriginal)."
"The refund item with SKU '@sku' is not present in the original order.","L'article de remboursement avec SKU '@sku' n'est pas présent dans la commande originale."
"The refunding could not be conducted. Error code: !error.","Le remboursement n'a pas pu être réalisé. Code d'erreur: !error."
"The remainder of the transaction was cancelled (in progress).","The remainder of the transaction was cancelled (in progress)."
"The remainder of the transaction was cancelled.","The remainder of the transaction was cancelled."
"The required parameters for the rate calculation were not received.","The required parameters for the rate calculation were not received."
"The shopping cart has been altered!","Le panier a été changé!"
"The signature could not be verified.","La signature ne peut pas être vérifiée."
"The site id (PBX_RANG) as defined in the backoffice of Concardis PayEngine 3.0.","L'identifiant du site (PBX_RANG) tel que défini dans le backoffice de Concardis PayEngine 3.0."
"The total including the initial order, signing fee and interest.","The total including the initial order, signing fee and interest."
"The total refund amount (!totalRefundedAmount) cannot be greater than the captured amount (!capturedAmount).","Le montant total du remboursement (!totalRefundedAmount) ne peut pas être supérieur à la quantité capturée (!capturedAmount)."
"The transaction cannot be cancelled online.","La transaction ne peut être annulée en ligne."
"The transaction cannot be captured online.","La transaction ne peut être capturée en ligne"
"The transaction cannot be refunded online.","La transaction ne peut être remboursé en ligne."
"The transaction expired.","La transaction a expiré."
"The transaction failed with error code !code.","L'opération a échoué avec le code d'erreur: !code."
"The transaction failed.","La transaction a échoué."
"The transaction is only executed in the test system. The goods should not be delivered.","La transaction a est exécutée uniquement dans le système de test. Les produits ne doivent pas être livrés."
"The transaction was aborted.","La transaction a été annulée."
"The transaction was declined.","La transaction a été refusée."
"The value for configuration '@label' must be set.","La valeur pour la configuration'@label' doit être définie."
"The whole transaction is cancelled.","Toute la transaction a été annulée."
"There has been a problem during the processing of your payment.","Il y a eu un problème lors du traitement de votre paiement."
"There has been a problem during the processing of your payment. Please contact the shop owner to make sure your order was placed successfully.","Il ya eu un problème lors du traitement de votre paiement. Veuillez contacter le propriétaire de la boutique pour vous assurer que votre commande a été placée avec succès."
"There is a problem with your license. Please contact us (www.sellxed.com/support). Reason: %1","Il y a un problème avec votre licence. S'il vous plaît nous (www.sellxed.com/support) contacter. Raison: %1"
"There is a problem with your license. Please contact us (www.sellxed.com/support). Reason: %s","Il y a un problème avec votre licence. S'il vous plaît contactez-nous (www.sellxed.com/support). Raison: %s"
"There is already a customer registered using this email address. Please login using this email address or enter a different email address to register your account.","Il y a déjà un client enregistré avec cette adresse e-mail. Connectez-vous à l'aide de cette adresse ou insérez une adresse e-mail différente pour l'enregistrer votre compte."
"There seems to be a configuration issue. Please try another payment method, and contact the merchant.","There seems to be a configuration issue. Please try another payment method, and contact the merchant."
"There seems to be a problem with the Concardis PayEngine 3.0 module.","Il semble avoir un problème avec le module de Concardis PayEngine 3.0."
"There was an error validating the login and password.","ll y eu une erreur pendant la validation du login et du mot de passe."
"There was an error with your connection, please try again later.","Il y a eu une erreur avec votre connexion, veuillez réessayer plus tard."
"This account is not confirmed. <a href=""%s"">Click here</a> to resend confirmation email.","Ce compte n'est pas confirmé. <a href=""%s"">Cliquez ici</a> pour renvoyer l'email de confirmation."
"This password is used for recurring payments and for the alias manager as well as for the server authorization. This is the password of the Concardis PayEngine 3.0 account.","Ce mot de passe est utilisé pour les paiements récurrents et pour la gestion des alias, ainsi que pour l'autorisation du serveur. C'est le mot de passe du compte Concardis PayEngine 3.0."
"This setting can be used to activate resp. deactivate the 3D secure check. Please check with PayBox if you are allowed to deactivate the 3D secure check. This setting has only an effect when you use the payment page.","Ce setting peut être utilisé pour activer ou désactiver le contrôle 3D Secure. Veuillez vérifier avec PayBox si vous êtes autorisé à désactiver le contrôle 3D Secure. Ce paramètre aura seulement un effet que si vous utilisez la page de paiement."
"This status is set, when the payment was successfull and it is authorized.","Cet état est défini, lorsque le paiement a été un succès et il est autorisé."
"This transaction is already closed for further captures.","Cette transaction a déjà été fermée pour plus de comptabilisations."
"This transaction is already closed for further refunds.","Cette transaction a déjà été fermée pour d'autres remboursements."
"This transaction no longer exists.","Cette transaction n'existe plus."
"Timeout for pending payments (min)","Timout pour les paiements en attente (min.)"
"Titel","Titre"
"Title","Titre"
"Title of the payment method","Nom de la méthode de paiement"
"Total","Total"
"Total Shipping Charges","Total des frais d'expédition"
"Total amount","Montant total"
"Total cost of the credit as annual percentage.","Total cost of the credit as annual percentage."
"Track order history","Suivi de la commande"
"Transaction","Transaction"
"Transaction Authorized","Transaction autorisée"
"Transaction Cancelled","Transaction annulée"
"Transaction Captured","Transaction comptabilisée"
"Transaction History","Relevé des opérations"
"Transaction Id","Transaction ID"
"Transaction Paid","Transacion payée"
"Transaction Uncertain","La transaction est incertaine"
"Transaction Updates","Mises à jour pour les transactions"
"Transaction cancelled successfully","La transaction a été annulée"
"Transaction captured successfully","Transaction capturé avec succès"
"Transaction history","Historique de transactions"
"Transaction was authorized over the deferred authorization mechanism.","L'opération a été autorisée avec le mécanisme d'autorisation différé."
"Transactions","Transactions"
"Transfer","Transfer"
"Unable to save the invoice.","Impossible d'enregistrer la facture."
"Uncertain Status","Statut incertain"
"Uncertain transactions","Transactions incertaines"
"Update","Mettre à jour"
"Update Qty's","Ajuster la quantité"
"Update interval for payments","Interval de l'actualisation pour paiements via API"
"Use Base Currency","Utiliser devise de base"
"Use Default","Utilisez les paramètres standard"
"Use base currency","Utiliser la devise de base"
"VISA","VISA"
"Validation","Valider"
"Value for '@name' must be set.","La valeur pour'@name' doit être définie."
"Version","Version"
"View","Afficher"
"Wait On Success Page","Attendre sur la page de la réussite"
"We cannot get the transaction instance.","Nous ne pouvons pas établir une transaction."
"We experienced a problem with your sellxed payment extension. For more information, please visit the configuration page of the plugin.","Il y a un problème avec votre module de paiement sellxed. Pour plus d'informations, veuillez visiter la page d'informations du plugin."
"When the store is not available (network outage, server failure or any other outage), when the feedback of Concardis PayEngine 3.0 is sent, then the transaction state is not updated. Hence no order confirmation e-mail is sent and the order is not in the paid state. By activating the transaction update, such transactions can be authorized later over direct link. To use this feature the update service must be activated and the API username and the API password must be set.","Lorsque la boutique n'est pas disponible (panne de réseau, une panne de serveur ou de toute autre panne), après le retour de Concardis PayEngine 3.0 envoyé,  le statut de la transaction ne sera pas mis à jour. Par conséquent, aucune confirmation de commande sera envoyé par e-mail et la commande n'aura pas le statut payé. En activant la mise à jour de la transaction, ces opérations peuvent être autorisées plus tard sur la liaison directe. Pour utiliser cette fonction, le service de mise à jour doit être activé et le nom d'utilisateur de l'API et le mot de passe de l'API doit être aussi configuré."
"When using an external checkout, the customer can either be asked to chose an option to authenticate (as guest, register or login) or he can always be checked out as guest. For the second option to work, guest checkout has to be enabled in magento.","Lorsque vous utilisez une commande externe, le client peut soit sélectionner une option d'authentification (en tant qu'invité, inscription ou login) ou il peut toujours être vérifié en tant qu'invité. Pour la deuxième option, guest checkout doit être activé chez Magento."
"Wide","Wide"
"Within the order process, we will be sending your data to RatePAY GmbH for the purpose of verifying your identity and creditworthiness as well as the performance of the contract. The <a href='//ratepay.com/legal/' title='Legal - RatePAY' target='_blank'>Additional General Terms and Conditions and Data Protection Notice of RatePAY GmbH</a> apply.","Within the order process, we will be sending your data to RatePAY GmbH for the purpose of verifying your identity and creditworthiness as well as the performance of the contract. The <a href='//ratepay.com/legal/' title='Legal - RatePAY' target='_blank'>Additional General Terms and Conditions and Data Protection Notice of RatePAY GmbH</a> apply."
"Year","Année"
"Yes","Oui"
"Yes, use images for the brand selection.","Oui, utiliser des images pour la sélection du type."
"You can allow the customers to manage/delete their aliases in the their account.","Vous pouvez permettre aux clients de gérer / supprimer leurs alias dans leur compte."
"You can decide on the order status new orders should have after they are processed successfully.","Spécifiez le statut de la commande pour les nouvelles commandes qui ont été traitées avec succès."
"You can decide on the order status new orders should have that have an uncertain authorization status.","Spécifiez le statut de la commande pour les nouvelles commandes avec un statut d'autorisation incertain."
"You can specify the order status for new orders that have an uncertain authorisation status.","Vous pouvez spécifier le statut de la commande pour les nouvelles commandes qui ont un statut d'autorisation incertain."
"You can specify the order status for orders that are captured either directly after the order or manually in the backend.","Vous pouvez spécifier le statut de la commande pour les commandes qui sont capturés soit directement après la commande ou manuellement depuis le backend."
"You can specify the order status when an order is cancelled.","Vous pouvez spécifier le statut de la commande quand une commande est annulée."
"You created the order.","Vous avez créé la commande."
"You have no stored aliases.","Vous n'avez pas d'alias."
"You have to agree to the RatePay agreement.","Vous devez accepter l'entente RatePay."
"You have to enter a card number.","Vous devez insérer le numéro de carte."
"You have to enter bank code of your bank.","Il faut insérer le code banquaire de votre banque."
"You have to enter commercial number of you company.","Il faut insérer le numéro de commerce de votre entreprise."
"You have to enter either the CVC code or the issue number of your card.","Vous devez insérer le code CVC ou le numéro de série de votre carte."
"You have to enter sales tax number of you company.","Vous devez insérer le numéro de la taxe de vente de votre entreprise."
"You have to enter sales tax number of your company.","Vous devez insérer le numéro de la taxe de vente de votre entreprise."
"You have to enter the BIC.","Vous devez saisir le code BIC."
"You have to enter the CVC code from your card.","Vous devez insérer le code CVC de votre carte."
"You have to enter the IBAN.","Il faut insérer l'IBAN du compte banquaire"
"You have to enter the account holder name on the card.","Vous devez insérer le nom du titulaire de la carte."
"You have to enter the account holder name.","Veuillez insérer ici le nom du titulaire de la carte."
"You have to enter the card holder name on the card.","Vous devez insérer le titulaire de la carte."
"You have to enter the location of your bank.","Vous devez insérer le lieu de votre banque."
"You have to enter the name of the account owner.","Vous devez insérer le titulaire de compte"
"You have to enter the name of your bank.","Vous devez insérer le nom de votre banque."
"You have to enter your IBAN Number.","Il faut insérer l'IBAN du compte banquaire"
"You have to enter your bank account number.","Veuillez insérer l'IBAN de votre compte banquaire."
"You have to enter your social security number.","Veuillez insérer votre numéro de sécurité sociale."
"You may choose one of the cards you paid before on this site.","Vous pouvez choisir parmi les cartes utilisées précédemment:"
"You may choose one of your stored payment details.","Sélectionnez l'une des informations de paiement enregistrées pour le paiement"
"You will be redirect to the order confirmation page.","Vous allez être redirigé vers la page de confirmation de commande."
"Your billing and shipping addresses must be the same when using RatePay.","Vos adresses de facturation et d'expédition doivent être les mêmes lorsque vous utilisez RatePay."
"Your browser does not allow the execution of JavaScript. Please activate JavaScript in your browser and reload this page.","Votre navigateur ne permet pas l'exécution de JavaScript. Veuillez activer JavaScript dans votre navigateur et recharger cette page."
"Your checkout session expired.","Your checkout session expired."
"PayEngine3Cw Aliases","PayEngine3Cw Alias"
"____paymentMethodName____","____paymentMethodName____"
"Concardis PayEngine 3.0","Concardis PayEngine 3.0"
"Concardis PayEngine 3.0 Aliases","Alias Concardis PayEngine 3.0"
"Concardis PayEngine 3.0 Billing Address ID","Concardis PayEngine 3.0 Billing Address ID"
"Concardis PayEngine 3.0 Customer ID","Concardis PayEngine 3.0 Customer ID"
"Concardis PayEngine 3.0 Error","Erreur de Concardis PayEngine 3.0"
"Concardis PayEngine 3.0 Order ID","Concardis PayEngine 3.0 Order ID"
"Concardis PayEngine 3.0 Parameters","Concardis PayEngine 3.0 Paramètres"
"Concardis PayEngine 3.0 Payment Instrument ID","Concardis PayEngine 3.0 Payment Instrument ID"
"Concardis PayEngine 3.0 Persona ID","Concardis PayEngine 3.0 Persona ID"
"Concardis PayEngine 3.0 Refund Items","Concardis PayEngine 3.0 _ remboursement articles"
"Concardis PayEngine 3.0 Section","Section Concardis PayEngine 3.0"
"Concardis PayEngine 3.0 Shipping Address ID","Concardis PayEngine 3.0 Shipping Address ID"
"Concardis PayEngine 3.0 Transactions","Transactions de Concardis PayEngine 3.0"
"Concardis PayEngine 3.0: Alias Management","Concardis PayEngine 3.0: Gestion des Alias"
"customweb ltd","customweb ltd"
"no","no"
"or","ou"
"yes","Oui"
"{n} monthly rates each","{n} monthly rates each"
"{n}. monthly rate","{n}. monthly rate"
